date,year,open,high,low,close,volume
2017-01-01,2017,9.06,9.09,9.0,9.03,29093922
2017-01-02,2017,9.06,9.18,9.0,9.066,54794137
2017-01-03,2017,9.06,9.12,9.03,9.066,33548421
2017-01-04,2017,9.06,9.09,9.0,9.012,28533585
2017-01-05,2017,9.0,9.09,9.0,9.066,36790095
2017-01-08,2017,9.06,9.09,8.94,8.94,36859355
2017-01-09,2017,8.94,8.97,8.76,8.796,45604296
2017-01-10,2017,8.79,8.82,8.7,8.772,40152525
2017-01-11,2017,8.76,8.79,8.49,8.526,45873261
2017-01-12,2017,8.55,8.61,8.52,8.562,35972402
2017-01-15,2017,8.58,8.67,8.55,8.58,34768310
2017-01-16,2017,8.61,8.61,8.4,8.412,49481247
2017-01-17,2017,8.4,8.52,8.37,8.508,46788105
2017-01-18,2017,8.61,8.91,8.58,8.748,54094132
2017-01-19,2017,8.73,8.85,8.7,8.808,49046636
2017-01-22,2017,8.82,8.88,8.73,8.844,44604365
2017-01-23,2017,8.85,9.06,8.85,9.03,51158030
2017-01-24,2017,9.06,9.09,9.0,9.054,41061221
2017-01-25,2017,9.03,9.09,9.03,9.03,35356122
2017-01-26,2017,9.03,9.12,9.0,9.066,52901032
2017-01-29,2017,9.09,9.15,9.06,9.096,38426900
2017-01-30,2017,9.09,9.18,9.03,9.06,40164002
2017-01-31,2017,9.06,9.09,9.0,9.048,39498855
2017-02-01,2017,9.06,9.09,8.76,8.85,88831840
2017-02-02,2017,8.85,8.91,8.64,8.742,76671031
2017-02-05,2017,8.79,8.79,8.58,8.586,46709220
2017-02-06,2017,8.61,8.64,8.49,8.55,68639757
2017-02-07,2017,8.58,8.58,8.49,8.544,45752395
2017-02-08,2017,8.52,8.55,8.46,8.532,51898156
2017-02-09,2017,8.55,8.76,8.49,8.688,50325931
2017-02-12,2017,8.73,8.88,8.73,8.772,39627826
2017-02-13,2017,8.76,8.88,8.76,8.856,34205782
2017-02-14,2017,8.85,8.88,8.79,8.802,38365857
2017-02-15,2017,8.79,8.91,8.79,8.856,36376220
2017-02-16,2017,8.88,8.91,8.82,8.856,33339467
2017-02-19,2017,8.88,8.97,8.88,8.91,34776895
2017-02-20,2017,8.88,8.94,8.88,8.892,17629227
2017-02-21,2017,8.88,8.91,8.64,8.73,25505882
2017-02-22,2017,8.76,8.85,8.76,8.814,25762461
2017-02-23,2017,8.82,8.85,8.73,8.742,26232360
2017-02-26,2017,8.79,8.82,8.73,8.796,34557906
2017-02-27,2017,8.79,8.85,8.7,8.748,49597640
2017-02-28,2017,8.73,8.88,8.73,8.844,45693216
2017-03-01,2017,8.85,8.88,8.76,8.802,41679537
2017-03-02,2017,8.82,8.85,8.79,8.796,37823342
2017-03-05,2017,8.79,8.82,8.73,8.742,39437001
2017-03-06,2017,8.76,8.79,8.7,8.736,33105752
2017-03-07,2017,8.76,8.82,8.73,8.766,34405240
2017-03-08,2017,8.76,8.79,8.73,8.742,38761702
2017-03-09,2017,8.73,8.76,8.64,8.688,54298002
2017-03-12,2017,8.73,8.76,8.61,8.628,29476462
2017-03-13,2017,8.64,8.67,8.58,8.592,52001345
2017-03-14,2017,8.61,8.64,8.52,8.574,48710547
2017-03-15,2017,8.61,8.73,8.58,8.676,42128472
2017-03-16,2017,8.73,8.82,8.7,8.76,48061561
2017-03-19,2017,8.76,8.82,8.73,8.766,29382310
2017-03-20,2017,8.79,8.82,8.76,8.766,32809742
2017-03-21,2017,8.76,8.85,8.76,8.802,39024937
2017-03-22,2017,8.79,8.85,8.7,8.736,46879736
2017-03-23,2017,8.73,9.0,8.73,8.946,53210540
2017-03-26,2017,9.0,9.03,8.91,8.928,29998156
2017-03-27,2017,8.94,8.97,8.88,8.898,39791430
2017-03-28,2017,8.91,8.97,8.91,8.928,49071540
2017-03-29,2017,8.94,8.97,8.91,8.94,44848482
2017-03-30,2017,8.94,9.06,8.91,9.012,64295560
2017-04-02,2017,9.06,9.09,9.0,9.006,34089652
2017-04-03,2017,9.0,9.03,8.94,8.958,30808367
2017-04-04,2017,8.97,9.0,8.94,8.958,36531256
2017-04-05,2017,8.97,9.03,8.94,9.012,41922996
2017-04-06,2017,9.0,9.09,9.0,9.018,48687361
2017-04-09,2017,8.82,8.82,8.73,8.766,37116180
2017-04-10,2017,8.79,8.82,8.76,8.778,34716055
2017-04-11,2017,8.79,8.82,8.76,8.76,30179207
2017-04-12,2017,8.79,8.85,8.76,8.826,33400840
2017-04-13,2017,8.85,8.85,8.79,8.796,34523546
2017-04-16,2017,8.79,8.82,8.76,8.766,29195007
2017-04-17,2017,8.76,8.82,8.73,8.76,35852926
2017-04-18,2017,8.82,8.82,8.73,8.736,37840630
2017-04-19,2017,8.76,8.79,8.67,8.718,48078792
2017-04-20,2017,8.76,8.76,8.64,8.67,47091115
2017-04-23,2017,8.76,8.82,8.67,8.694,42817666
2017-04-24,2017,8.7,8.7,8.64,8.652,27703280
2017-04-25,2017,8.67,8.7,8.49,8.526,45879827
2017-04-26,2017,8.52,8.55,8.49,8.532,29408696
2017-04-27,2017,8.55,8.64,8.52,8.616,46497672
2017-04-30,2017,8.64,8.76,8.61,8.682,51477455
2017-05-01,2017,8.67,8.7,8.64,8.652,41033407
2017-05-02,2017,8.67,8.7,8.61,8.646,43074760
2017-05-03,2017,8.67,8.67,8.61,8.622,42507151
2017-05-04,2017,8.61,8.64,8.4,8.442,53474611
2017-05-07,2017,8.43,8.52,8.43,8.436,33095357
2017-05-08,2017,8.43,8.52,8.43,8.484,34296911
2017-05-09,2017,8.49,8.61,8.46,8.574,37825420
2017-05-10,2017,8.58,8.64,8.55,8.622,33843630
2017-05-11,2017,8.61,8.64,8.55,8.598,44617990
2017-05-14,2017,8.61,8.61,8.55,8.592,24946482
2017-05-15,2017,8.58,8.61,8.52,8.538,32334305
2017-05-16,2017,8.55,8.7,8.52,8.652,48572967
2017-05-17,2017,8.64,8.79,8.61,8.748,45307327
2017-05-18,2017,8.73,8.82,8.73,8.754,33739156
2017-05-21,2017,8.79,8.94,8.79,8.832,33788667
2017-05-22,2017,8.88,8.88,8.76,8.808,40930565
2017-05-23,2017,8.76,8.85,8.64,8.844,41704405
2017-05-24,2017,8.82,8.85,8.67,8.718,32858772
2017-05-25,2017,8.73,8.79,8.49,8.514,94951741
2017-05-28,2017,8.52,8.55,8.43,8.508,29558475
2017-05-29,2017,8.52,8.55,8.43,8.442,57567175
2017-05-30,2017,8.46,8.58,8.46,8.52,40203747
2017-05-31,2017,8.52,8.58,8.52,8.526,31761727
2017-06-01,2017,8.52,8.55,8.46,8.472,41068995
2017-06-04,2017,8.46,8.688,8.46,8.64,57501952
2017-06-05,2017,8.64,8.664,8.556,8.634,78364052
2017-06-06,2017,8.628,8.7,8.58,8.598,54548135
2017-06-07,2017,8.628,8.664,8.592,8.634,63527616
2017-06-08,2017,8.616,8.64,8.58,8.598,43923321
2017-06-11,2017,8.58,8.64,8.532,8.538,39818966
2017-06-12,2017,8.544,8.568,8.508,8.532,42088780
2017-06-13,2017,8.544,8.568,8.508,8.532,36052655
2017-06-14,2017,8.544,8.592,8.532,8.562,40525600
2017-06-15,2017,8.568,8.604,8.508,8.556,62383561
2017-06-18,2017,8.544,8.568,8.508,8.52,47578571
2017-06-19,2017,8.52,8.772,8.52,8.682,63836735
2017-06-20,2017,8.688,8.76,8.568,8.58,59731037
2017-06-21,2017,8.688,9.372,8.652,9.156,114062311
2017-06-22,2017,9.3,9.372,9.048,9.138,63781192
2017-07-02,2017,9.108,9.396,9.108,9.198,41093525
2017-07-03,2017,9.192,9.276,9.108,9.192,42012105
2017-07-04,2017,9.204,9.228,9.084,9.102,36417495
2017-07-05,2017,9.072,9.132,8.916,8.988,45334127
2017-07-06,2017,8.976,9.036,8.748,8.772,61628196
2017-07-09,2017,8.772,8.82,8.736,8.778,34427415
2017-07-10,2017,8.784,8.928,8.784,8.868,44412377
2017-07-11,2017,8.856,8.928,8.82,8.82,44701057
2017-07-12,2017,8.868,8.916,8.856,8.862,44249900
2017-07-13,2017,8.928,9.024,8.892,8.922,46965181
2017-07-16,2017,8.928,9.024,8.928,8.976,43899797
2017-07-17,2017,9.0,9.0,8.904,8.922,37544080
2017-07-18,2017,8.928,8.94,8.82,8.826,47860442
2017-07-19,2017,8.976,9.444,8.976,9.084,76231932
2017-07-20,2017,9.084,9.48,9.084,9.384,56038127
2017-07-23,2017,9.468,9.888,9.372,9.678,41653571
2017-07-24,2017,9.672,9.9,9.564,9.666,32548722
2017-07-25,2017,9.684,9.78,9.612,9.684,31510330
2017-07-26,2017,9.72,9.768,9.636,9.648,32142591
2017-07-27,2017,9.66,9.708,9.492,9.498,41001806
2017-07-30,2017,9.48,9.54,9.444,9.498,41365872
2017-07-31,2017,9.54,9.624,9.48,9.588,47992881
2017-08-01,2017,9.588,9.732,9.588,9.63,67386476
2017-08-02,2017,9.636,9.648,9.552,9.57,52489041
2017-08-03,2017,9.576,9.696,9.576,9.672,47863221
2017-08-06,2017,9.672,9.72,9.648,9.666,40193006
2017-08-07,2017,9.66,9.876,9.648,9.756,57909331
2017-08-08,2017,9.756,9.876,9.756,9.828,47337795
2017-08-09,2017,9.828,9.912,9.828,9.834,38766857
2017-08-10,2017,9.84,9.888,9.804,9.81,40361600
2017-08-13,2017,9.816,9.864,9.792,9.84,34797972
2017-08-14,2017,9.84,9.9,9.828,9.834,37344650
2017-08-15,2017,9.828,9.864,9.744,9.774,41348585
2017-08-16,2017,9.756,9.816,9.744,9.798,30611242
2017-08-17,2017,9.804,9.864,9.792,9.846,40736345
2017-08-20,2017,9.864,9.948,9.864,9.882,36990622
2017-08-21,2017,9.876,9.924,9.864,9.876,34322392
2017-08-22,2017,9.876,9.948,9.876,9.918,31667272
2017-08-23,2017,9.936,10.2,9.936,10.176,45467862
2017-08-24,2017,10.2,10.236,10.116,10.14,31210627
2017-08-27,2017,10.128,10.152,10.056,10.062,25919685
2017-08-28,2017,10.056,10.32,10.056,10.236,50306080
2017-08-29,2017,10.236,10.26,10.092,10.134,52557951
2017-09-06,2017,10.176,10.2,10.14,10.194,21741607
2017-09-07,2017,10.188,10.452,10.176,10.362,30691837
2017-09-10,2017,10.368,10.596,10.356,10.536,49508637
2017-09-11,2017,10.596,11.004,10.56,10.902,52669360
2017-09-12,2017,10.908,11.052,10.728,10.74,44511205
2017-09-13,2017,10.74,10.8,10.74,10.758,38272111
2017-09-14,2017,10.776,10.788,10.728,10.746,33599316
2017-09-17,2017,10.74,10.908,10.74,10.83,36701337
2017-09-18,2017,10.836,11.076,10.824,10.89,48569051
2017-09-19,2017,10.92,10.968,10.692,10.704,49410492
2017-09-20,2017,10.716,10.848,10.62,10.8,44378357
2017-09-21,2017,10.86,10.932,10.716,10.728,29005725
2017-09-25,2017,10.752,10.752,10.584,10.638,31769816
2017-09-26,2017,10.62,10.716,10.62,10.632,28434412
2017-09-27,2017,10.644,10.656,10.548,10.554,37471062
2017-09-28,2017,10.56,10.596,10.464,10.482,67544701
2017-10-01,2017,10.2,10.44,10.2,10.356,47512080
2017-10-02,2017,10.368,10.368,10.296,10.302,51331301
2017-10-03,2017,10.32,10.596,10.32,10.554,59948662
2017-10-04,2017,10.56,10.836,10.56,10.746,70980270
2017-10-05,2017,10.74,10.788,10.584,10.65,50681372
2017-10-08,2017,10.644,10.716,10.548,10.578,47963552
2017-10-09,2017,10.56,10.62,10.5,10.608,49180731
2017-10-10,2017,10.608,10.68,10.512,10.578,47439970
2017-10-11,2017,10.56,10.62,10.212,10.254,55316425
2017-10-12,2017,10.2,10.5,10.2,10.44,45727345
2017-10-15,2017,10.476,10.5,10.332,10.344,33144945
2017-10-16,2017,10.56,10.884,10.5,10.824,71703912
2017-10-17,2017,10.884,10.884,10.644,10.788,51115131
2017-10-18,2017,10.788,10.8,10.656,10.686,42498797
2017-10-19,2017,10.728,10.848,10.68,10.752,67053947
2017-10-22,2017,10.752,10.788,10.62,10.638,38682391
2017-10-23,2017,10.644,10.68,10.296,10.428,51983982
2017-10-24,2017,10.428,10.548,10.248,10.356,34272891
2017-10-25,2017,10.452,10.488,10.308,10.416,29845325
2017-10-26,2017,10.428,10.536,10.332,10.512,38842255
2017-10-29,2017,10.56,10.632,10.524,10.602,49570662
2017-10-30,2017,10.644,10.656,10.476,10.494,57688155
2017-10-31,2017,10.5,10.524,10.416,10.482,50948921
2017-11-01,2017,10.5,10.62,10.476,10.608,68271660
2017-11-02,2017,10.584,10.596,10.524,10.554,58176822
2017-11-05,2017,10.5,10.656,10.392,10.638,54052525
2017-11-06,2017,10.644,10.74,10.512,10.668,71863045
2017-11-07,2017,10.68,10.8,10.428,10.626,58167712
2017-11-08,2017,10.596,10.728,10.584,10.626,55921467
2017-11-09,2017,10.62,10.644,10.536,10.626,67128435
2017-11-12,2017,10.596,10.608,10.428,10.488,49842707
2017-11-13,2017,10.5,10.56,10.476,10.5,39440486
2017-11-14,2017,10.488,10.596,10.476,10.548,40879081
2017-11-15,2017,10.56,10.608,10.488,10.518,36987366
2017-11-16,2017,10.512,10.548,10.452,10.488,43455336
2017-11-19,2017,10.476,10.536,10.44,10.5,30638782
2017-11-20,2017,10.5,10.524,10.44,10.446,28686966
2017-11-21,2017,10.416,10.476,10.32,10.434,28252190
2017-11-22,2017,10.44,10.524,10.428,10.494,38999050
2017-11-23,2017,10.5,10.596,10.476,10.572,51674407
2017-11-26,2017,10.584,10.668,10.548,10.596,25581852
2017-11-27,2017,10.596,10.704,10.596,10.614,57215317
2017-11-28,2017,10.62,10.788,10.608,10.758,63741330
2017-11-29,2017,10.776,10.86,10.728,10.806,73197537
2017-11-30,2017,10.812,10.86,10.764,10.782,62198086
2017-12-03,2017,10.812,11.1,10.812,10.962,73154150
2017-12-04,2017,10.968,10.992,10.74,10.824,71082350
2017-12-05,2017,10.788,10.884,10.716,10.734,63299051
2017-12-06,2017,10.752,10.764,10.692,10.698,51775070
2017-12-07,2017,10.68,10.872,10.668,10.848,52407467
2017-12-10,2017,10.872,11.016,10.848,10.86,56114030
2017-12-11,2017,10.86,10.908,10.824,10.836,40080160
2017-12-12,2017,10.848,10.932,10.836,10.902,42304962
2017-12-13,2017,10.908,10.932,10.812,10.89,41382765
2017-12-14,2017,11.22,11.22,11.076,11.112,54545910
2017-12-17,2017,11.1,11.148,11.04,11.112,38443601
2017-12-18,2017,11.1,11.604,11.1,11.556,51084022
2017-12-19,2017,11.58,11.652,11.448,11.568,38692027
2017-12-20,2017,11.604,11.604,11.472,11.502,29709526
2017-12-21,2017,11.496,11.532,11.364,11.388,34774125
2017-12-24,2017,11.388,11.388,11.292,11.328,19568842
2017-12-25,2017,11.304,11.448,11.28,11.382,34063837
2017-12-26,2017,11.364,11.832,11.316,11.76,46907137
2017-12-27,2017,11.736,11.808,11.376,11.424,50759805
2017-12-28,2017,11.46,11.58,11.4,11.49,47817030
2017-12-31,2017,11.496,11.568,11.46,11.478,41865652
2018-01-01,2018,11.472,11.484,11.424,11.442,29408982
2018-01-02,2018,11.46,11.544,11.448,11.466,44725860
2018-01-03,2018,11.46,11.808,11.46,11.61,54695082
2018-01-04,2018,11.628,11.676,11.52,11.598,46305041
2018-01-07,2018,11.676,11.748,11.592,11.664,30684525
2018-01-08,2018,11.652,11.688,11.604,11.628,33263231
2018-01-09,2018,11.64,11.7,11.604,11.628,26957005
2018-01-10,2018,11.676,11.784,11.64,11.712,27039535
2018-01-11,2018,11.712,11.832,11.7,11.808,25086342
2018-01-14,2018,11.832,12.048,11.832,12.024,25474045
2018-01-15,2018,12.06,12.264,11.976,12.198,28175827
2018-01-16,2018,12.24,12.42,12.192,12.336,20487905
2018-01-17,2018,12.324,12.396,12.276,12.294,23544632
2018-01-18,2018,12.324,12.396,12.288,12.33,17973725
2018-01-21,2018,12.3,12.432,12.3,12.36,15487112
2018-01-22,2018,12.348,12.468,12.312,12.336,18299487
2018-01-23,2018,12.324,12.408,12.312,12.336,16332955
2018-01-24,2018,12.348,12.384,12.072,12.126,24754542
2018-01-25,2018,12.132,12.3,12.072,12.252,17568062
2018-01-28,2018,12.24,12.312,12.228,12.282,18172340
2018-01-29,2018,12.3,12.504,12.288,12.384,45192881
2018-01-30,2018,12.372,12.492,12.336,12.456,68842442
2018-01-31,2018,12.468,12.516,12.408,12.426,59098752
2018-02-01,2018,12.444,12.456,12.372,12.396,68617731
2018-02-04,2018,12.444,12.444,12.3,12.354,36848331
2018-02-05,2018,12.336,12.384,12.3,12.342,49412252
2018-02-06,2018,11.736,12.144,11.736,12.078,47817476
2018-02-07,2018,12.12,12.228,11.892,11.976,44701805
2018-02-08,2018,11.94,12.096,11.856,11.946,40798955
2018-02-11,2018,11.844,11.952,11.784,11.808,32497711
2018-02-12,2018,11.868,12.108,11.868,12.024,37002642
2018-02-13,2018,12.06,12.336,12.06,12.216,36072895
2018-02-14,2018,12.228,12.264,12.132,12.144,31281097
2018-02-15,2018,12.192,12.228,12.132,12.162,33678822
2018-02-18,2018,12.12,12.192,11.832,12.114,33133120
2018-02-19,2018,12.084,12.168,12.06,12.132,30731302
2018-02-20,2018,12.12,12.192,12.12,12.144,26068196
2018-02-21,2018,12.144,12.18,12.072,12.108,31164076
2018-02-22,2018,12.132,12.144,12.0,12.036,30476826
2018-02-25,2018,12.048,12.084,11.964,11.994,30871582
2018-02-26,2018,12.0,12.06,11.904,11.976,29660767
2018-02-27,2018,12.012,12.024,11.928,11.952,26685922
2018-02-28,2018,11.952,11.976,11.892,11.904,42360101
2018-03-01,2018,11.88,11.904,11.7,11.73,81458646
2018-03-04,2018,11.7,11.736,11.484,11.526,67553157
2018-03-05,2018,11.52,11.724,11.496,11.61,61272330
2018-03-06,2018,11.652,11.808,11.652,11.754,54680681
2018-03-07,2018,11.76,11.772,11.64,11.658,47409270
2018-03-08,2018,11.712,12.06,11.712,12.006,57448076
2018-03-11,2018,12.048,12.192,12.048,12.132,43036082
2018-03-12,2018,12.156,12.24,12.108,12.126,45466840
2018-03-13,2018,12.132,12.192,12.036,12.072,41404525
2018-03-14,2018,12.048,12.132,12.048,12.09,35823602
2018-03-15,2018,12.084,12.132,12.048,12.096,39023166
2018-03-18,2018,12.12,12.144,12.036,12.048,34315011
2018-03-19,2018,12.072,12.108,11.94,11.982,39172386
2018-03-20,2018,11.94,12.084,11.904,12.048,29490196
2018-03-21,2018,12.048,12.168,12.036,12.114,32192767
2018-03-22,2018,12.132,12.24,12.132,12.21,34268115
2018-03-25,2018,12.228,12.264,12.168,12.174,25550710
2018-03-26,2018,12.168,12.348,12.144,12.312,38363116
2018-03-27,2018,12.324,12.432,12.324,12.402,27412902
2018-03-28,2018,12.42,12.504,12.348,12.474,44088592
2018-03-29,2018,12.528,12.552,12.3,12.354,49369737
2018-04-01,2018,12.36,12.42,12.252,12.264,42879745
2018-04-02,2018,12.264,12.42,12.216,12.318,51798936
2018-04-03,2018,12.3,12.444,12.276,12.408,52812571
2018-04-04,2018,12.42,12.6,12.42,12.504,60722891
2018-04-05,2018,12.54,12.684,12.516,12.672,60910256
2018-04-08,2018,12.672,12.876,12.648,12.81,51111797
2018-04-09,2018,12.84,12.948,12.828,12.84,48488561
2018-04-10,2018,12.864,12.9,12.756,12.864,15960271
2018-04-11,2018,12.516,12.564,12.264,12.384,46808530
2018-04-12,2018,12.348,12.42,12.06,12.12,44400487
2018-04-15,2018,12.24,12.396,12.24,12.336,36594771
2018-04-16,2018,12.372,12.552,12.372,12.528,33333780
2018-04-17,2018,12.54,12.576,12.456,12.48,57827897
2018-04-18,2018,12.492,12.516,12.42,12.474,39727160
2018-04-19,2018,12.492,12.72,12.468,12.654,57853941
2018-04-22,2018,12.636,12.672,12.528,12.552,32976755
2018-04-23,2018,12.552,12.636,12.504,12.6,33832516
2018-04-24,2018,12.624,12.66,12.54,12.552,32717670
2018-04-25,2018,12.54,12.6,12.504,12.546,31894420
2018-04-26,2018,12.588,12.612,12.432,12.492,43545926
2018-04-29,2018,12.516,12.588,12.396,12.42,48097786
2018-04-30,2018,12.456,12.54,12.372,12.51,46076897
2018-05-01,2018,12.528,12.54,12.432,12.486,36273930
2018-05-02,2018,12.492,12.528,12.432,12.486,60415642
2018-05-03,2018,12.504,12.516,12.432,12.45,50032411
2018-05-06,2018,12.468,12.576,12.468,12.54,41345515
2018-05-07,2018,12.54,12.564,12.48,12.51,38267127
2018-05-08,2018,12.492,12.516,12.408,12.408,44554950
2018-05-09,2018,12.444,12.456,12.156,12.222,34558595
2018-05-10,2018,12.156,12.252,12.024,12.216,40188620
2018-05-13,2018,12.228,12.384,12.216,12.306,34203871
2018-05-14,2018,12.324,12.36,12.264,12.318,44964832
2018-05-15,2018,12.348,12.372,12.288,12.294,39648945
2018-05-16,2018,12.288,12.312,12.096,12.12,37170255
2018-05-17,2018,12.18,12.288,12.132,12.258,26756350
2018-05-20,2018,12.264,12.3,12.192,12.24,24720615
2018-05-21,2018,12.24,12.264,12.192,12.204,26269537
2018-05-22,2018,12.216,12.312,12.18,12.258,30058892
2018-05-23,2018,12.252,12.312,12.24,12.288,21605672
2018-05-24,2018,12.3,12.348,12.276,12.312,21991972
2018-05-27,2018,12.3,12.324,12.228,12.228,11511691
2018-05-28,2018,12.228,12.324,12.204,12.312,33373077
2018-05-29,2018,12.312,12.384,12.312,12.36,47953605
2018-05-30,2018,12.36,12.516,12.336,12.492,37934107
2018-05-31,2018,12.492,12.636,12.492,12.636,37467060
2018-06-03,2018,12.636,13.008,12.636,12.924,61050372
2018-06-04,2018,12.936,13.164,12.924,13.068,48398832
2018-06-05,2018,13.08,13.152,13.02,13.14,36501835
2018-06-06,2018,13.152,13.284,13.044,13.08,33793381
2018-06-07,2018,13.092,13.128,12.888,12.924,38998981
2018-06-10,2018,12.924,12.984,12.768,12.84,26116096
2018-06-11,2018,12.84,12.972,12.816,12.924,28334615
2018-06-12,2018,12.912,13.032,12.852,13.02,26848155
2018-06-20,2018,13.032,13.032,12.648,12.768,10851070
2018-06-21,2018,12.852,12.888,12.744,12.78,5710570
2018-06-24,2018,12.828,13.104,12.828,12.996,15885035
2018-06-25,2018,12.996,13.032,12.768,12.804,38508792
2018-06-26,2018,12.804,12.876,12.756,12.792,26316231
2018-06-27,2018,12.816,12.9,12.792,12.9,27596262
2018-06-28,2018,12.9,12.96,12.816,12.852,48287467
2018-07-01,2018,12.864,12.96,12.864,12.9,55304347
2018-07-02,2018,12.9,12.9,12.78,12.828,50370397
2018-07-03,2018,12.828,12.84,12.72,12.768,45666907
2018-07-04,2018,12.768,12.792,12.612,12.732,43886621
2018-07-05,2018,12.72,12.744,12.624,12.636,31199872
2018-07-08,2018,12.66,12.696,12.612,12.636,36498025
2018-07-09,2018,12.648,12.816,12.648,12.78,37645366
2018-07-10,2018,12.792,12.936,12.792,12.924,44930850
2018-07-11,2018,12.936,12.948,12.852,12.864,31315137
2018-07-12,2018,12.84,12.876,12.768,12.792,33493030
2018-07-15,2018,12.78,12.948,12.78,12.948,29447292
2018-07-16,2018,12.948,13.236,12.924,13.188,43910371
2018-07-17,2018,13.176,13.26,13.068,13.092,31676186
2018-07-18,2018,13.08,13.152,13.08,13.116,31108707
2018-07-19,2018,13.2,13.452,13.2,13.32,45748646
2018-07-22,2018,13.38,13.428,13.332,13.38,36413721
2018-07-23,2018,13.38,13.452,13.356,13.368,32839680
2018-07-24,2018,13.368,13.416,13.356,13.38,37202006
2018-07-25,2018,13.38,13.452,13.344,13.392,34556685
2018-07-26,2018,13.392,13.404,13.332,13.368,39383035
2018-07-29,2018,13.368,13.428,13.356,13.416,39454050
2018-07-30,2018,13.416,13.788,13.392,13.668,70335036
2018-07-31,2018,13.68,13.836,13.68,13.824,58335982
2018-08-01,2018,13.8,14.112,13.8,13.944,68694651
2018-08-02,2018,13.944,13.956,13.716,13.716,66004825
2018-08-05,2018,13.716,13.776,13.68,13.716,73071952
2018-08-06,2018,13.728,13.728,13.584,13.584,88836205
2018-08-07,2018,13.608,13.62,13.524,13.524,87669162
2018-08-08,2018,13.524,13.728,13.524,13.644,78145722
2018-08-09,2018,13.656,13.668,13.5,13.584,91677002
2018-08-12,2018,13.524,13.644,13.236,13.32,54067450
2018-08-13,2018,13.32,13.392,13.032,13.116,60230080
2018-08-14,2018,13.116,13.308,13.08,13.188,55857867
2018-08-15,2018,13.2,13.26,12.996,13.068,34660912
2018-08-16,2018,13.092,13.128,13.008,13.104,27371345
2018-08-26,2018,13.2,13.308,13.128,13.236,17937647
2018-08-27,2018,13.236,13.284,13.14,13.2,16861560
2018-08-28,2018,13.236,13.248,13.164,13.2,20396417
2018-08-29,2018,13.188,13.212,13.044,13.116,19179286
2018-08-30,2018,13.128,13.152,12.924,13.02,30383000
2018-09-02,2018,13.032,13.032,12.612,12.636,44514127
2018-09-03,2018,12.636,12.744,12.624,12.696,40104310
2018-09-04,2018,12.696,12.9,12.684,12.816,29351121
2018-09-05,2018,12.816,12.816,11.784,12.48,57993620
2018-09-06,2018,12.468,12.54,12.0,12.348,41646592
2018-09-09,2018,12.384,12.42,12.108,12.42,27195970
2018-09-10,2018,12.432,12.444,11.952,12.036,33095565
2018-09-11,2018,12.012,12.108,11.94,11.964,30973927
2018-09-12,2018,12.0,12.036,11.784,11.844,34129586
2018-09-13,2018,11.856,11.964,11.652,11.94,31912366
2018-09-16,2018,11.964,12.036,11.76,11.76,25398757
2018-09-17,2018,11.736,12.192,11.652,12.192,26508967
2018-09-18,2018,12.228,12.36,12.132,12.324,22940047
2018-09-19,2018,12.348,12.648,12.264,12.516,24409831
2018-09-20,2018,12.528,12.636,12.456,12.588,21214645
2018-09-25,2018,12.588,12.696,12.54,12.672,22646541
2018-09-26,2018,12.66,12.732,12.564,12.576,25943042
2018-09-27,2018,12.6,12.708,12.564,12.684,26760660
2018-09-30,2018,12.684,12.912,12.624,12.912,27700351
2018-10-01,2018,12.948,13.104,12.936,13.08,40099776
2018-10-02,2018,13.092,13.128,12.864,12.9,35642531
2018-10-03,2018,12.852,12.948,12.72,12.936,39709577
2018-10-04,2018,12.924,12.948,12.864,12.912,29804767
2018-10-07,2018,12.912,12.936,12.708,12.864,30244592
2018-10-08,2018,12.84,12.924,12.732,12.912,30976000
2018-10-09,2018,12.924,12.948,12.84,12.936,27440685
2018-10-10,2018,12.936,12.948,12.78,12.792,30141347
2018-10-11,2018,12.42,12.744,12.216,12.372,35549211
2018-10-14,2018,12.36,12.372,11.376,11.748,33238037
2018-10-15,2018,12.216,12.348,11.964,12.348,33910591
2018-10-16,2018,12.12,12.492,11.82,12.42,42622346
2018-10-17,2018,12.552,12.624,12.348,12.42,30160956
2018-10-18,2018,12.624,12.744,12.42,12.42,28649812
2018-10-21,2018,11.82,12.264,11.82,12.204,42102657
2018-10-22,2018,12.132,12.18,11.772,11.976,36692295
2018-10-23,2018,11.988,12.456,11.892,12.348,34513715
2018-10-24,2018,12.42,12.432,12.24,12.3,21896390
2018-10-25,2018,12.3,12.876,12.3,12.792,47044047
2018-10-28,2018,12.804,13.008,12.66,12.948,27004371
2018-10-29,2018,12.96,13.248,12.96,13.14,48242370
2018-10-30,2018,13.116,13.152,12.96,12.996,40385036
2018-10-31,2018,13.032,13.188,13.032,13.056,34924797
2018-11-01,2018,13.08,13.104,12.948,13.02,36958547
2018-11-04,2018,13.008,13.032,12.84,12.876,25983511
2018-11-05,2018,12.876,12.96,12.828,12.84,29791405
2018-11-06,2018,12.852,12.924,12.852,12.864,23101195
2018-11-07,2018,12.864,12.924,12.828,12.924,25704665
2018-11-08,2018,12.924,12.936,12.84,12.84,25475322
2018-11-11,2018,12.816,12.852,12.708,12.828,20023516
2018-11-12,2018,12.84,12.9,12.828,12.876,23411832
2018-11-13,2018,12.84,12.888,12.756,12.84,26606090
2018-11-14,2018,12.72,12.78,12.6,12.672,32247895
2018-11-15,2018,12.696,12.72,12.528,12.588,29311092
2018-11-18,2018,12.6,12.6,12.312,12.396,29252346
2018-11-19,2018,12.42,12.528,12.408,12.432,22447815
2018-11-20,2018,12.42,12.516,12.384,12.444,22167137
2018-11-21,2018,12.456,12.504,12.372,12.456,24205311
2018-11-22,2018,12.468,12.552,12.396,12.492,33004130
2018-11-25,2018,12.444,12.456,12.348,12.396,27940130
2018-11-26,2018,12.408,12.456,12.384,12.42,17967085
2018-11-27,2018,12.432,12.444,12.384,12.432,21173641
2018-11-28,2018,12.408,12.468,12.372,12.432,39797972
2018-11-29,2018,12.456,12.576,12.444,12.504,27850876
2018-12-02,2018,12.756,13.368,12.756,13.248,26630376
2018-12-03,2018,13.32,13.476,13.284,13.404,48141656
2018-12-04,2018,13.416,13.416,13.224,13.308,56379290
2018-12-05,2018,13.2,13.284,13.116,13.26,17307087
2018-12-06,2018,13.236,13.284,13.188,13.26,24492585
2018-12-09,2018,13.272,13.392,13.272,13.356,11245665
2018-12-10,2018,13.344,13.368,13.188,13.224,14185672
2018-12-11,2018,13.224,13.356,13.224,13.344,8885486
2018-12-12,2018,13.332,13.368,13.308,13.344,9295830
2018-12-13,2018,13.356,13.356,13.272,13.344,15834287
2018-12-16,2018,13.32,13.344,13.236,13.308,10011237
2018-12-17,2018,13.296,13.368,13.284,13.32,10594895
2018-12-18,2018,13.296,13.368,13.26,13.368,11015275
2018-12-19,2018,13.332,13.344,13.296,13.32,7689835
2018-12-20,2018,13.32,13.38,13.284,13.332,11237302
2018-12-23,2018,13.284,13.416,13.236,13.416,23588411
2018-12-24,2018,13.416,13.692,13.404,13.68,20741130
2018-12-25,2018,13.608,13.62,13.44,13.464,18778400
2018-12-26,2018,13.464,13.596,13.464,13.584,9433247
2018-12-27,2018,13.656,13.716,13.572,13.596,12217016
2018-12-30,2018,13.596,13.692,13.584,13.644,9314381
2018-12-31,2018,13.644,13.788,13.644,13.788,9982702
2019-01-01,2019,13.788,13.92,13.74,13.872,14996676
2019-01-02,2019,13.884,13.908,13.788,13.812,18661095
2019-01-03,2019,13.836,14.04,13.812,14.028,10838150
2019-01-06,2019,14.088,14.172,14.064,14.124,19276696
2019-01-07,2019,14.16,14.328,14.136,14.28,12237736
2019-01-08,2019,14.304,14.4,14.184,14.304,18031352
2019-01-09,2019,14.328,14.388,14.268,14.352,9704551
2019-01-10,2019,14.328,14.436,14.328,14.388,10066061
2019-01-13,2019,14.4,14.46,14.364,14.436,8584220
2019-01-14,2019,14.412,14.484,14.364,14.388,12869461
2019-01-15,2019,14.4,14.448,14.388,14.436,13141695
2019-01-16,2019,14.448,14.46,14.376,14.4,13557912
2019-01-17,2019,14.4,14.412,14.364,14.412,11696277
2019-01-20,2019,14.412,14.436,14.304,14.316,12806496
2019-01-21,2019,14.304,14.472,14.196,14.4,25114115
2019-01-22,2019,14.4,14.436,14.34,14.412,8383370
2019-01-23,2019,14.4,14.46,14.388,14.46,8317826
2019-01-24,2019,14.46,14.46,14.388,14.424,12410465
2019-01-27,2019,14.352,14.58,14.352,14.568,21435087
2019-01-28,2019,14.556,14.736,14.544,14.736,18282065
2019-01-29,2019,14.748,14.76,14.652,14.748,14379221
2019-01-30,2019,14.748,14.76,14.616,14.64,16857697
2019-01-31,2019,14.64,14.664,14.484,14.484,11832530
2019-02-03,2019,14.508,14.58,14.472,14.52,7559452
2019-02-04,2019,14.532,14.628,14.496,14.52,9294716
2019-02-05,2019,14.496,14.616,14.484,14.568,13251497
2019-02-06,2019,14.568,14.628,14.508,14.532,13244101
2019-02-07,2019,14.556,14.556,14.424,14.484,12244705
2019-02-10,2019,14.484,14.532,14.352,14.436,9071880
2019-02-11,2019,14.448,14.46,14.376,14.412,6408151
2019-02-12,2019,14.4,14.448,14.388,14.436,7704957
2019-02-13,2019,14.412,14.508,14.376,14.4,10890255
2019-02-14,2019,14.4,14.448,14.388,14.448,8783215
2019-02-17,2019,14.46,14.496,14.388,14.412,7341106
2019-02-18,2019,14.4,14.448,14.328,14.4,12294372
2019-02-19,2019,14.4,14.448,14.328,14.412,9163476
2019-02-20,2019,14.4,14.448,14.376,14.424,7117807
2019-02-21,2019,14.412,14.448,14.4,14.448,6312786
2019-02-24,2019,14.424,14.46,14.412,14.412,4736167
2019-02-25,2019,14.376,14.4,14.34,14.352,7054686
2019-02-26,2019,14.352,14.436,14.328,14.412,6519235
2019-02-27,2019,14.424,14.436,14.364,14.4,8433091
2019-02-28,2019,14.376,14.484,14.376,14.484,8620042
2019-03-03,2019,14.46,14.58,14.46,14.544,9203705
2019-03-04,2019,14.544,14.58,14.508,14.58,9522925
2019-03-05,2019,14.58,14.592,14.544,14.58,7973871
2019-03-06,2019,14.58,14.652,14.556,14.64,9938160
2019-03-07,2019,14.592,14.616,14.4,14.46,13440185
2019-03-10,2019,14.496,14.592,14.448,14.484,8866095
2019-03-11,2019,14.472,14.484,14.4,14.448,8639407
2019-03-12,2019,14.46,14.532,14.436,14.496,7103582
2019-03-13,2019,14.52,14.556,14.496,14.532,8933372
2019-03-14,2019,14.556,14.64,14.52,14.64,15030507
2019-03-17,2019,14.64,14.664,14.52,14.64,14742967
2019-03-18,2019,14.592,14.688,14.592,14.652,8443487
2019-03-19,2019,14.664,14.712,14.64,14.688,8016831
2019-03-20,2019,14.676,14.7,14.628,14.652,7778257
2019-03-21,2019,14.652,14.94,14.652,14.94,10179797
2019-03-24,2019,14.94,15.03,14.868,15.0,11557542
2019-03-25,2019,15.0,15.03,14.952,14.964,8845440
2019-03-26,2019,14.976,15.0,14.916,14.988,8617526
2019-03-27,2019,14.484,14.58,14.412,14.556,17733162
2019-03-28,2019,14.556,14.592,14.484,14.532,13018515
2019-03-31,2019,14.52,14.568,14.472,14.556,5824747
2019-04-01,2019,14.544,14.592,14.544,14.568,9018837
2019-04-02,2019,14.58,14.688,14.556,14.688,14738901
2019-04-03,2019,14.676,14.748,14.676,14.7,11205555
2019-04-04,2019,14.7,14.796,14.652,14.772,10569976
2019-04-07,2019,14.772,14.976,14.772,14.844,11086792
2019-04-08,2019,14.808,14.868,14.7,14.832,9952505
2019-04-09,2019,14.832,14.916,14.808,14.868,11856811
2019-04-10,2019,14.868,14.976,14.844,14.976,10399046
2019-04-11,2019,15.0,15.09,14.988,15.06,14102796
2019-04-14,2019,15.03,15.06,14.928,14.964,6639381
2019-04-15,2019,14.964,15.06,14.952,15.03,9534425
2019-04-16,2019,15.03,15.48,15.03,15.48,23004680
2019-04-17,2019,15.48,16.11,15.45,16.11,25807222
2019-04-18,2019,16.17,16.2,15.9,15.96,15965921
2019-04-21,2019,16.08,16.95,15.99,16.8,28376640
2019-04-22,2019,16.83,16.95,16.59,16.65,16965430
2019-04-23,2019,16.59,16.92,16.53,16.65,14975692
2019-04-24,2019,16.65,16.77,16.56,16.65,13223440
2019-04-25,2019,16.65,16.65,16.2,16.56,17954375
2019-04-28,2019,16.53,16.65,16.32,16.38,11026432
2019-04-29,2019,16.38,16.44,16.11,16.11,14682335
2019-04-30,2019,16.11,16.44,15.96,16.26,26424871
2019-05-01,2019,16.2,16.26,16.02,16.2,11686960
2019-05-02,2019,16.17,16.26,16.11,16.2,9368957
2019-05-05,2019,16.2,16.2,15.81,15.93,14892120
2019-05-06,2019,15.78,15.81,15.39,15.6,18148317
2019-05-07,2019,15.6,15.75,15.36,15.36,16202757
2019-05-08,2019,15.36,15.51,15.12,15.48,12979400
2019-05-09,2019,15.48,15.57,15.33,15.48,9865481
2019-05-12,2019,15.3,15.33,15.0,15.21,16710871
2019-05-13,2019,15.06,15.18,14.628,14.628,20142470
2019-05-14,2019,14.58,15.06,14.376,14.58,29664265
2019-05-15,2019,14.724,15.27,14.724,14.952,24402301
2019-05-16,2019,15.0,15.27,15.0,15.15,13894331
2019-05-19,2019,15.15,15.45,14.964,14.976,16051535
2019-05-20,2019,14.952,15.06,14.784,14.844,14773805
2019-05-21,2019,14.976,15.21,14.964,15.12,14371592
2019-05-22,2019,15.18,15.39,15.03,15.03,20766551
2019-05-23,2019,15.09,15.18,14.892,14.94,13521266
2019-05-26,2019,14.976,14.976,14.34,14.4,21899690
2019-05-27,2019,14.472,14.556,14.124,14.4,18957747
2019-05-28,2019,14.46,14.64,14.22,14.4,91485880
2019-05-29,2019,14.4,14.46,14.208,14.328,15413155
2019-05-30,2019,14.28,14.484,14.232,14.46,12681172
2019-06-09,2019,14.52,14.748,14.46,14.724,11984940
2019-06-10,2019,14.748,14.976,14.724,14.796,25032887
2019-06-11,2019,14.82,15.06,14.76,14.976,21442530
2019-06-12,2019,14.976,15.18,14.868,15.18,20399180
2019-06-13,2019,15.09,15.15,14.832,14.844,21672617
2019-06-16,2019,14.868,15.0,14.772,14.904,14341526
2019-06-17,2019,14.88,15.09,14.88,14.916,17529327
2019-06-18,2019,14.904,14.916,14.724,14.76,24904067
2019-06-19,2019,14.82,14.82,14.568,14.568,18312537
2019-06-20,2019,14.58,14.64,14.412,14.568,30052427
2019-06-23,2019,14.556,14.568,14.388,14.4,10955176
2019-06-24,2019,14.4,14.436,14.22,14.34,9417545
2019-06-25,2019,14.34,14.58,14.292,14.58,11433016
2019-06-26,2019,14.58,14.712,14.556,14.568,8378437
2019-06-27,2019,14.58,14.7,14.58,14.616,12158986
2019-06-30,2019,14.7,14.784,14.688,14.76,9929532
2019-07-01,2019,14.784,14.796,14.712,14.76,9872645
2019-07-02,2019,14.748,14.784,14.64,14.664,6675357
2019-07-03,2019,14.64,14.664,14.58,14.616,7586706
2019-07-04,2019,14.604,14.748,14.592,14.7,7972750
2019-07-07,2019,14.7,14.748,14.664,14.724,6010610
2019-07-08,2019,14.7,15.03,14.676,15.03,14659152
2019-07-09,2019,15.03,15.12,14.964,15.0,12297902
2019-07-10,2019,14.988,15.36,14.976,15.3,19961577
2019-07-11,2019,15.33,15.6,15.3,15.48,22768752
2019-07-14,2019,15.54,15.81,15.54,15.66,16234437
2019-07-15,2019,15.66,15.87,15.51,15.84,14294941
2019-07-16,2019,15.84,15.93,15.72,15.75,13039507
2019-07-17,2019,15.75,15.84,15.66,15.78,10324732
2019-07-18,2019,15.78,15.81,15.69,15.69,8606805
2019-07-21,2019,15.48,15.6,15.18,15.42,15498517
2019-07-22,2019,15.42,15.54,15.36,15.48,9313951
2019-07-23,2019,15.42,15.51,15.21,15.21,12576060
2019-07-24,2019,15.18,15.33,15.0,15.18,12913182
2019-07-25,2019,15.21,15.33,15.06,15.3,14113432
2019-07-28,2019,15.27,15.51,15.21,15.42,11360752
2019-07-29,2019,15.33,15.33,14.844,14.844,29820267
2019-07-30,2019,15.0,15.06,14.76,14.904,13456766
2019-07-31,2019,14.928,15.24,14.832,15.09,15070980
2019-08-01,2019,14.928,14.964,14.82,14.88,12770310
2019-08-04,2019,14.76,14.928,14.664,14.928,14645041
2019-08-05,2019,14.928,14.952,14.592,14.592,12526130
2019-08-06,2019,14.496,14.64,14.388,14.604,18448425
2019-08-07,2019,14.64,14.7,14.616,14.676,11488145
2019-08-08,2019,14.616,14.724,14.568,14.58,15510827
2019-08-18,2019,14.484,14.592,14.4,14.412,12480551
2019-08-19,2019,14.46,14.568,14.46,14.52,11985787
2019-08-20,2019,14.532,14.592,14.448,14.448,11147007
2019-08-21,2019,14.46,14.484,14.352,14.364,11755646
2019-08-22,2019,14.352,14.4,14.148,14.268,12841881
2019-08-25,2019,14.16,14.16,13.656,13.692,17340080
2019-08-26,2019,13.704,13.872,13.56,13.812,17072411
2019-08-27,2019,13.932,13.956,13.236,13.608,89374251
2019-08-28,2019,13.5,13.584,13.332,13.392,17517322
2019-08-29,2019,13.392,13.452,13.176,13.2,26066717
2019-09-01,2019,13.2,13.26,12.96,13.08,16039080
2019-09-02,2019,13.092,13.308,13.056,13.248,19402902
2019-09-03,2019,13.236,13.308,13.116,13.14,15136576
2019-09-04,2019,13.164,13.344,13.164,13.296,18670862
2019-09-05,2019,13.332,13.392,13.164,13.236,22328477
2019-09-08,2019,13.272,13.332,13.224,13.272,11454375
2019-09-09,2019,13.26,13.272,13.176,13.248,14677412
2019-09-10,2019,13.248,13.248,13.008,13.068,18352637
2019-09-11,2019,13.068,13.068,12.636,12.732,27605130
2019-09-12,2019,12.708,12.9,12.66,12.804,17889497
2019-09-15,2019,12.54,12.9,12.42,12.84,18026037
2019-09-16,2019,12.864,13.032,12.78,12.96,15898632
2019-09-17,2019,12.96,13.212,12.912,12.996,18592136
2019-09-18,2019,13.08,13.152,12.876,12.876,19826730
2019-09-19,2019,12.852,13.128,12.744,13.128,32164127
2019-09-22,2019,13.128,13.2,13.068,13.14,8725157
2019-09-24,2019,13.152,13.308,13.128,13.308,12502420
2019-09-25,2019,13.32,13.332,13.188,13.212,13712266
2019-09-26,2019,13.212,13.284,13.164,13.236,11142467
2019-09-29,2019,13.248,13.416,13.212,13.368,12433601
2019-09-30,2019,13.416,13.62,13.392,13.488,16703420
2019-10-01,2019,13.56,13.608,13.344,13.344,14718617
2019-10-02,2019,13.32,13.32,13.128,13.2,20779377
2019-10-03,2019,13.14,13.176,13.092,13.104,12881712
2019-10-06,2019,13.212,13.284,13.092,13.092,13514726
2019-10-07,2019,13.092,13.104,12.9,12.9,14176265
2019-10-08,2019,12.9,12.936,12.672,12.756,14133740
2019-10-09,2019,12.756,12.756,12.372,12.372,17833877
2019-10-10,2019,12.36,12.432,12.204,12.276,18208891
2019-10-13,2019,12.288,12.396,12.096,12.12,12039221
2019-10-14,2019,12.204,12.228,11.988,12.0,26168966
2019-10-15,2019,12.024,12.036,11.82,11.82,20468377
2019-10-16,2019,11.82,12.036,11.748,12.0,21614891
2019-10-17,2019,12.06,12.156,11.868,12.024,30862290
2019-10-20,2019,12.3,12.492,12.3,12.432,28334877
2019-10-21,2019,12.48,12.48,12.3,12.3,14741601
2019-10-22,2019,12.504,12.972,12.504,12.9,31142021
2019-10-23,2019,12.912,13.152,12.816,13.068,20297675
2019-10-24,2019,13.08,13.116,12.936,13.02,12350932
2019-10-27,2019,13.008,13.008,12.9,12.912,11345216
2019-10-28,2019,12.876,12.876,12.612,12.66,23919920
2019-10-29,2019,12.612,12.636,12.36,12.408,25559777
2019-10-30,2019,12.384,12.696,12.3,12.684,22256251
2019-10-31,2019,12.684,12.684,12.516,12.576,15445056
2019-11-03,2019,12.42,12.576,12.324,12.504,15460965
2019-11-04,2019,12.54,12.696,12.492,12.66,19011725
2019-11-05,2019,12.684,12.732,12.612,12.696,18860570
2019-11-06,2019,12.72,12.72,12.528,12.54,13290331
2019-11-07,2019,12.516,12.792,12.516,12.66,20387090
2019-11-10,2019,12.72,13.08,12.72,13.032,23364376
2019-11-11,2019,13.08,13.212,13.068,13.116,18682586
2019-11-12,2019,13.116,13.224,13.08,13.2,19487097
2019-11-13,2019,13.2,13.536,13.152,13.284,29300181
2019-11-14,2019,13.236,13.392,13.188,13.236,22636071
2019-11-17,2019,13.236,13.356,13.212,13.356,15421705
2019-11-18,2019,13.38,13.572,13.368,13.56,21218885
2019-11-19,2019,13.596,13.716,13.572,13.716,20648235
2019-11-20,2019,13.728,13.788,13.692,13.74,14478516
2019-11-21,2019,13.728,13.848,13.704,13.8,16885375
2019-11-24,2019,13.8,13.824,13.644,13.68,11348110
2019-11-25,2019,13.656,13.728,13.5,13.728,13673116
2019-11-26,2019,13.716,13.764,13.656,13.764,14487942
2019-11-27,2019,13.692,13.776,13.524,13.548,10593297
2019-11-28,2019,13.56,13.704,13.536,13.68,11074686
2019-12-01,2019,13.716,13.812,13.716,13.788,11924176
2019-12-02,2019,13.788,13.836,13.692,13.74,12498251
2019-12-03,2019,13.728,13.872,13.728,13.86,17529495
2019-12-04,2019,13.86,13.872,13.716,13.824,15532515
2019-12-05,2019,13.8,13.848,13.764,13.848,10619811
2019-12-08,2019,13.848,14.4,13.824,14.4,25087997
2019-12-09,2019,14.46,14.784,14.376,14.496,34107437
2019-12-10,2019,14.436,14.496,14.328,14.4,20024160
2019-12-11,2019,14.4,14.64,14.388,14.616,18075407
2019-12-12,2019,14.616,14.616,14.4,14.424,13491107
2019-12-15,2019,15.03,15.48,14.856,15.36,49659085
2019-12-16,2019,15.48,15.66,15.3,15.6,30171692
2019-12-17,2019,15.63,15.69,15.51,15.6,19663446
2019-12-18,2019,15.54,15.66,15.48,15.66,17863321
2019-12-19,2019,15.66,15.66,15.39,15.57,27809761
2019-12-22,2019,15.54,15.57,15.42,15.48,13592237
2019-12-23,2019,15.48,15.54,15.45,15.51,13048041
2019-12-24,2019,15.54,15.54,15.45,15.51,9299371
2019-12-25,2019,15.48,15.51,15.42,15.48,11875571
2019-12-26,2019,15.48,15.48,15.39,15.42,10084625
2019-12-29,2019,15.42,15.45,15.15,15.24,25316555
2019-12-30,2019,15.21,15.21,14.928,14.928,27803417
2019-12-31,2019,14.928,15.21,14.892,15.21,17733601
2020-01-01,2020,15.21,15.24,15.09,15.18,10755412
2020-01-02,2020,15.18,15.21,15.06,15.21,11794900
2020-01-05,2020,14.928,15.09,14.88,14.916,15712650
2020-01-06,2020,14.904,14.94,14.652,14.772,27355527
2020-01-07,2020,14.82,14.904,14.7,14.7,20917372
2020-01-08,2020,14.412,14.736,14.412,14.736,20013097
2020-01-09,2020,14.904,15.15,14.904,15.12,19853777
2020-01-12,2020,15.18,15.24,15.09,15.12,11688761
2020-01-13,2020,15.15,15.36,15.12,15.3,12236040
2020-01-14,2020,15.3,15.42,15.18,15.36,11610600
2020-01-15,2020,15.36,15.45,15.3,15.33,10275452
2020-01-16,2020,15.33,15.39,15.27,15.39,8794551
2020-01-19,2020,15.39,15.45,15.36,15.36,7614656
2020-01-20,2020,15.36,15.42,15.33,15.42,8950585
2020-01-21,2020,15.39,15.39,15.24,15.33,8812981
2020-01-22,2020,15.36,15.39,15.3,15.33,7325891
2020-01-23,2020,15.27,15.57,15.18,15.57,16588437
2020-01-26,2020,15.51,15.6,15.45,15.51,12302090
2020-01-27,2020,15.48,15.54,15.27,15.36,15214705
2020-01-28,2020,15.3,15.42,15.24,15.39,12715551
2020-01-29,2020,15.42,15.6,15.36,15.45,20222326
2020-01-30,2020,15.48,15.63,15.42,15.54,20415762
2020-02-02,2020,15.24,15.24,14.94,14.964,39959866
2020-02-03,2020,14.964,14.988,14.832,14.928,19131365
2020-02-04,2020,14.976,15.09,14.916,15.03,16242747
2020-02-05,2020,15.06,15.12,14.94,14.952,20039717
2020-02-06,2020,14.988,15.03,14.748,14.808,18266262
2020-02-09,2020,14.82,14.82,14.484,14.58,20804311
2020-02-10,2020,14.604,14.808,14.556,14.652,13830302
2020-02-11,2020,14.628,14.748,14.592,14.628,10994686
2020-02-12,2020,14.64,14.676,14.568,14.568,13347127
2020-02-13,2020,14.592,14.64,14.196,14.28,26602822
2020-02-16,2020,14.58,14.604,14.352,14.424,18058872
2020-02-17,2020,14.46,14.592,14.46,14.58,11403175
2020-02-18,2020,14.58,14.592,14.496,14.544,9674947
2020-02-19,2020,14.568,14.82,14.544,14.82,10361465
2020-02-20,2020,14.832,14.976,14.808,14.856,14832285
2020-02-23,2020,14.808,14.808,14.604,14.688,12894765
2020-02-24,2020,14.616,14.616,14.22,14.256,29785066
2020-02-25,2020,14.184,14.316,14.076,14.196,22075600
2020-02-26,2020,14.1,14.1,13.86,14.028,18872546
2020-02-27,2020,13.98,14.016,13.836,13.956,18632287
2020-03-01,2020,13.668,13.728,13.356,13.476,30031765
2020-03-02,2020,13.632,13.908,13.5,13.5,30339936
2020-03-03,2020,13.8,13.836,13.68,13.8,25259930
2020-03-04,2020,13.5,13.788,13.476,13.728,31724485
2020-03-05,2020,13.812,13.848,13.536,13.56,19275972
2020-03-08,2020,12.6,12.696,12.204,12.204,85373412
2020-03-09,2020,10.992,11.76,10.992,11.304,76853805
2020-03-10,2020,12.156,12.432,11.808,12.432,56716995
2020-03-11,2020,12.48,12.516,11.844,12.024,52320567
2020-03-12,2020,11.4,11.976,10.98,11.784,42687356
2020-03-15,2020,12.3,12.3,11.4,11.412,45405861
2020-03-16,2020,11.34,11.64,11.004,11.112,47141100
2020-03-17,2020,11.136,11.472,11.064,11.292,49616192
2020-03-18,2020,11.232,11.448,11.22,11.34,37695695
2020-03-19,2020,11.304,11.556,11.16,11.412,64902692
2020-03-22,2020,11.34,11.424,11.232,11.34,25787802
2020-03-23,2020,11.268,11.4,11.136,11.22,23947836
2020-03-24,2020,11.364,11.664,11.364,11.556,37336445
2020-03-25,2020,11.88,12.228,11.52,11.58,58186672
2020-03-26,2020,11.796,12.036,11.772,12.0,23342842
2020-03-29,2020,11.808,12.06,11.808,11.964,21132152
2020-03-30,2020,11.976,12.096,11.916,11.976,16520997
2020-03-31,2020,12.048,12.504,12.048,12.48,31112897
2020-04-01,2020,12.432,12.516,12.36,12.444,18745557
2020-04-02,2020,12.564,12.816,12.552,12.816,32038790
2020-04-05,2020,13.188,13.692,12.96,13.5,46755792
2020-04-06,2020,13.608,13.86,13.608,13.692,36455285
2020-04-07,2020,13.704,13.716,13.152,13.212,57110032
2020-04-08,2020,13.224,13.26,13.032,13.188,30112245
2020-04-09,2020,13.6,13.6,13.264,13.28,46732352
2020-04-12,2020,13.296,13.328,13.024,13.072,20513163
2020-04-13,2020,13.12,13.12,12.624,12.64,28452676
2020-04-14,2020,12.64,12.64,12.224,12.288,39313958
2020-04-15,2020,12.288,12.464,12.16,12.288,26185822
2020-04-16,2020,12.288,12.288,12.128,12.144,17198356
2020-04-19,2020,12.256,12.256,12.032,12.08,22032730
2020-04-20,2020,12.064,12.064,11.776,11.808,22719273
2020-04-21,2020,11.504,11.616,11.376,11.44,30533571
2020-04-22,2020,11.392,11.504,11.328,11.456,37351347
2020-04-23,2020,11.68,11.728,11.52,11.6,33772981
2020-04-26,2020,11.84,12.208,11.84,12.208,32483656
2020-04-27,2020,12.272,12.448,12.16,12.272,34009218
2020-04-28,2020,12.288,12.368,12.192,12.32,15680711
2020-04-29,2020,12.352,12.592,12.352,12.416,20185672
2020-04-30,2020,12.576,12.784,12.56,12.768,22649412
2020-05-03,2020,11.936,11.984,11.504,11.52,61904887
2020-05-04,2020,11.488,11.728,11.264,11.664,36611860
2020-05-05,2020,11.84,11.936,11.728,11.792,29433170
2020-05-06,2020,11.952,11.968,11.728,11.728,20115246
2020-05-07,2020,11.712,11.776,11.6,11.648,13838227
2020-05-10,2020,11.712,11.792,11.648,11.76,12074115
2020-05-11,2020,11.232,11.632,11.232,11.536,27979980
2020-05-12,2020,11.664,11.728,11.552,11.568,15127247
2020-05-13,2020,11.6,11.648,11.52,11.616,17248116
2020-05-14,2020,11.648,11.664,11.552,11.616,13093386
2020-05-17,2020,11.52,11.568,11.392,11.536,23537640
2020-05-18,2020,11.6,11.744,11.6,11.68,18317027
2020-05-19,2020,11.776,11.904,11.776,11.824,16173803
2020-05-20,2020,11.84,11.84,11.648,11.712,14615360
2020-05-21,2020,11.76,11.776,11.664,11.744,13834060
2020-05-31,2020,12.48,12.48,11.984,12.064,31866691
2020-06-01,2020,12.112,12.128,12.016,12.08,23790475
2020-06-02,2020,12.096,12.208,12.016,12.016,26655226
2020-06-03,2020,12.096,12.096,11.936,11.952,17834426
2020-06-04,2020,11.952,11.968,11.824,11.904,14830363
2020-06-07,2020,11.984,12.032,11.936,11.968,15918168
2020-06-08,2020,11.984,12.096,11.92,12.064,29190798
2020-06-09,2020,12.08,12.08,11.984,12.016,14969890
2020-06-10,2020,12.032,12.064,11.968,12.032,13067118
2020-06-11,2020,12.0,12.016,11.92,11.984,13703985
2020-06-14,2020,11.952,11.984,11.92,11.952,9775185
2020-06-15,2020,11.904,11.92,11.856,11.904,12810670
2020-06-16,2020,11.936,12.08,11.936,12.0,21908358
2020-06-17,2020,12.0,12.032,11.904,11.952,16232527
2020-06-18,2020,11.936,11.984,11.904,11.904,19789043
2020-06-21,2020,11.952,11.968,11.856,11.904,14492762
2020-06-22,2020,11.904,11.904,11.728,11.792,19703665
2020-06-23,2020,11.792,11.808,11.696,11.792,7971916
2020-06-24,2020,11.776,11.792,11.664,11.68,10771927
2020-06-25,2020,11.6,11.76,11.584,11.728,14356407
2020-06-28,2020,11.776,11.824,11.728,11.728,14488987
2020-06-29,2020,11.744,11.744,11.664,11.728,16127625
2020-06-30,2020,11.728,11.744,11.632,11.632,12967302
2020-07-01,2020,11.632,11.68,11.6,11.664,12604782
2020-07-02,2020,11.664,11.68,11.632,11.648,11575767
2020-07-05,2020,11.664,11.84,11.664,11.792,26777957
2020-07-06,2020,11.856,11.952,11.76,11.776,35301878
2020-07-07,2020,11.76,11.808,11.744,11.76,13872710
2020-07-08,2020,11.76,11.792,11.696,11.712,11005362
2020-07-09,2020,11.712,11.792,11.696,11.776,13536955
2020-07-12,2020,11.792,11.84,11.76,11.792,9976881
2020-07-13,2020,11.808,11.824,11.76,11.76,13033850
2020-07-14,2020,11.76,11.776,11.696,11.744,10558905
2020-07-15,2020,11.744,11.792,11.696,11.728,12318700
2020-07-16,2020,11.728,11.76,11.712,11.728,7508948
2020-07-19,2020,11.744,11.76,11.696,11.712,7531652
2020-07-20,2020,11.696,11.712,11.488,11.616,18197178
2020-07-21,2020,11.616,11.696,11.6,11.696,9004735
2020-07-22,2020,11.712,11.728,11.648,11.664,6004043
2020-07-23,2020,11.664,11.712,11.648,11.68,5284228
2020-07-26,2020,11.68,11.744,11.664,11.712,9273550
2020-07-27,2020,11.696,11.744,11.696,11.744,6909782
2020-07-28,2020,11.744,11.744,11.68,11.728,8239643
2020-08-05,2020,11.792,11.888,11.76,11.808,18980523
2020-08-06,2020,11.824,11.888,11.824,11.84,10364763
2020-08-09,2020,11.856,11.904,11.84,11.872,11200502
2020-08-10,2020,11.872,11.888,11.808,11.856,9911680
2020-08-11,2020,11.856,12.112,11.824,12.08,34101547
2020-08-12,2020,12.096,12.144,11.984,12.048,20089918
2020-08-13,2020,12.064,12.144,12.048,12.128,18024847
2020-08-16,2020,12.192,12.304,12.176,12.272,21218711
2020-08-17,2020,12.288,12.336,12.128,12.176,26420952
2020-08-18,2020,12.176,12.32,12.128,12.288,16723781
2020-08-19,2020,12.304,12.384,12.272,12.32,22043555
2020-08-20,2020,12.288,12.384,12.224,12.304,16254892
2020-08-23,2020,12.304,12.4,12.304,12.4,13604226
2020-08-24,2020,12.448,12.528,12.384,12.48,25233478
2020-08-25,2020,12.496,12.528,12.384,12.384,18967893
2020-08-26,2020,12.352,12.416,12.32,12.368,15093416
2020-08-27,2020,12.384,12.464,12.352,12.4,11680268
2020-08-30,2020,12.4,12.496,12.4,12.464,12243235
2020-08-31,2020,12.48,12.56,12.4,12.4,22836021
2020-09-01,2020,12.432,12.496,12.352,12.384,19161581
2020-09-02,2020,12.352,12.48,12.288,12.464,16989351
2020-09-03,2020,12.464,12.544,12.4,12.48,22688205
2020-09-06,2020,12.4,12.464,12.384,12.432,14912347
2020-09-07,2020,12.432,12.528,12.416,12.48,16330146
2020-09-08,2020,12.512,12.512,12.4,12.4,21334008
2020-09-09,2020,12.368,12.416,12.336,12.416,14353398
2020-09-10,2020,12.432,12.512,12.4,12.432,22330843
2020-09-13,2020,12.448,12.512,12.432,12.496,19871040
2020-09-14,2020,12.512,13.056,12.48,13.04,65688933
2020-09-15,2020,13.12,13.44,13.088,13.296,49050691
2020-09-16,2020,13.312,13.344,13.088,13.2,25502961
2020-09-17,2020,13.104,13.2,13.104,13.2,18589523
2020-09-20,2020,13.248,13.328,13.168,13.232,16885693
2020-09-21,2020,13.232,13.28,13.12,13.12,20969493
2020-09-22,2020,13.056,13.088,12.944,13.008,18091461
2020-09-24,2020,13.008,13.008,12.832,12.896,16779588
2020-09-27,2020,12.896,13.056,12.88,13.04,13626525
2020-09-28,2020,13.056,13.248,13.056,13.152,23814821
2020-09-29,2020,13.168,13.2,13.008,13.04,17610422
2020-09-30,2020,13.024,13.088,12.928,13.072,16195795
2020-10-01,2020,13.088,13.136,12.992,13.056,21972315
2020-10-04,2020,13.024,13.056,12.912,12.928,16242742
2020-10-05,2020,12.928,13.024,12.8,13.024,15186770
2020-10-06,2020,13.056,13.232,13.008,13.216,23467945
2020-10-07,2020,13.2,13.232,13.088,13.104,16959006
2020-10-08,2020,13.136,13.184,13.072,13.12,11596263
2020-10-11,2020,13.216,13.28,13.168,13.28,28707886
2020-10-12,2020,13.296,13.408,13.248,13.36,35069980
2020-10-13,2020,13.392,13.568,13.392,13.472,31069891
2020-10-14,2020,13.488,13.504,13.344,13.408,18019718
2020-10-15,2020,13.392,13.392,13.2,13.312,19167233
2020-10-18,2020,13.312,13.376,13.248,13.248,12574906
2020-10-19,2020,13.28,13.296,13.136,13.152,19634298
2020-10-20,2020,13.12,13.136,13.056,13.088,13919175
2020-10-21,2020,13.088,13.184,13.072,13.088,9973652
2020-10-22,2020,13.056,13.072,12.992,13.072,11687775
2020-10-25,2020,13.072,13.088,12.704,12.704,17895577
2020-10-26,2020,12.704,12.88,12.56,12.736,18478620
2020-10-27,2020,12.784,12.8,12.592,12.72,9242023
2020-10-28,2020,12.72,12.832,12.496,12.512,15986571
2020-10-29,2020,12.384,12.4,12.144,12.224,16725732
2020-11-01,2020,12.112,12.224,12.08,12.112,10323260
2020-11-02,2020,12.112,12.368,12.112,12.352,12497756
2020-11-03,2020,12.384,12.432,12.256,12.272,9887900
2020-11-04,2020,12.4,12.496,12.32,12.416,10498296
2020-11-05,2020,12.368,12.368,12.272,12.352,11175606
2020-11-08,2020,12.32,12.496,12.32,12.448,11034608
2020-11-09,2020,12.496,12.768,12.496,12.768,14743301
2020-11-10,2020,12.816,12.992,12.768,12.912,29130066
2020-11-11,2020,12.912,12.96,12.848,12.928,12985690
2020-11-12,2020,12.912,12.96,12.864,12.928,10162261
2020-11-15,2020,12.976,13.008,12.928,12.976,13321585
2020-11-16,2020,12.992,12.992,12.896,12.944,10752801
2020-11-17,2020,12.96,13.008,12.928,12.928,12024455
2020-11-18,2020,12.912,12.944,12.88,12.928,12514866
2020-11-19,2020,12.944,12.944,12.832,12.848,15707372
2020-11-22,2020,12.88,12.912,12.816,12.848,12106743
2020-11-23,2020,12.848,12.976,12.768,12.864,13635123
2020-11-24,2020,12.944,12.944,12.864,12.88,10226533
2020-11-25,2020,12.944,12.96,12.864,12.88,13642373
2020-11-26,2020,12.848,13.072,12.816,12.976,23943567
2020-11-29,2020,13.024,13.056,12.944,12.992,14554922
2020-11-30,2020,12.992,12.992,12.912,12.912,15066912
2020-12-01,2020,12.912,12.976,12.896,12.928,12714062
2020-12-02,2020,12.928,12.976,12.896,12.928,9781903
2020-12-03,2020,12.944,12.96,12.896,12.928,7890208
2020-12-06,2020,12.96,12.96,12.816,12.816,10044925
2020-12-07,2020,12.832,12.88,12.752,12.88,12938208
2020-12-08,2020,12.88,12.992,12.848,12.864,14943443
2020-12-09,2020,12.88,13.232,12.88,13.232,30574671
2020-12-10,2020,13.216,13.248,13.088,13.184,21895522
2020-12-13,2020,13.152,13.184,12.992,13.008,14984541
2020-12-14,2020,13.008,13.072,12.96,13.04,9514398
2020-12-15,2020,13.024,13.088,13.008,13.056,8676907
2020-12-16,2020,13.088,13.152,13.04,13.136,12078346
2020-12-17,2020,13.136,13.152,13.072,13.072,13753112
2020-12-20,2020,13.072,13.104,12.912,12.912,11542317
2020-12-21,2020,12.768,12.816,12.688,12.736,26013982
2020-12-22,2020,12.736,12.944,12.736,12.944,12519682
2020-12-23,2020,12.896,13.024,12.88,12.992,14153827
2020-12-24,2020,13.008,13.024,12.912,12.96,11005888
2020-12-27,2020,12.96,13.088,12.944,13.04,17272942
2020-12-28,2020,13.008,13.056,12.944,12.976,16316447
2020-12-29,2020,12.992,13.024,12.944,13.008,10116262
2020-12-30,2020,12.976,13.04,12.944,13.008,9239000
2020-12-31,2020,12.976,13.008,12.944,12.944,9243552
2021-01-03,2021,12.928,12.944,12.832,12.88,10523675
2021-01-04,2021,12.896,12.944,12.88,12.944,7664026
2021-01-05,2021,12.96,12.976,12.896,12.944,9584115
2021-01-06,2021,12.944,12.944,12.896,12.896,5030832
2021-01-07,2021,12.896,12.976,12.88,12.944,10205945
2021-01-10,2021,12.992,13.056,12.992,13.04,13619011
2021-01-11,2021,13.04,13.072,13.008,13.056,8579901
2021-01-12,2021,13.024,13.072,12.992,12.992,8130376
2021-01-13,2021,13.024,13.152,13.008,13.104,15909881
2021-01-14,2021,13.104,13.104,13.024,13.072,9082477
2021-01-17,2021,13.008,13.056,12.992,13.024,9792130
2021-01-18,2021,13.008,13.104,13.008,13.088,12360030
2021-01-19,2021,13.088,13.248,13.072,13.136,27511477
2021-01-20,2021,13.168,13.184,13.072,13.088,8633456
2021-01-21,2021,13.104,13.136,13.088,13.104,7419572
2021-01-24,2021,13.104,13.152,13.072,13.104,9226811
2021-01-25,2021,13.12,13.168,13.104,13.104,7528007
2021-01-26,2021,13.104,13.12,13.04,13.088,7360526
2021-01-27,2021,13.088,13.12,13.056,13.12,4604876
2021-01-28,2021,13.056,13.136,13.04,13.072,8130661
2021-01-31,2021,13.072,13.088,12.944,12.976,12714587
2021-02-01,2021,12.96,13.008,12.944,12.944,9506565
2021-02-02,2021,12.944,12.992,12.896,12.912,7030447
2021-02-03,2021,12.912,12.928,12.8,12.88,12025268
2021-02-04,2021,12.8,12.88,12.72,12.816,12159080
2021-02-07,2021,12.8,12.944,12.8,12.912,9403635
2021-02-08,2021,12.912,13.04,12.912,12.992,12213230
2021-02-09,2021,12.992,13.072,12.976,13.04,15813713
2021-02-10,2021,13.056,13.104,13.008,13.04,14489490
2021-02-11,2021,13.024,13.072,13.024,13.056,7049256
2021-02-14,2021,12.928,13.008,12.896,12.976,16280421
2021-02-15,2021,12.976,13.104,12.976,13.056,20030256
2021-02-16,2021,13.056,13.056,12.992,13.056,7743531
2021-02-17,2021,13.04,13.056,12.976,12.992,7772496
2021-02-18,2021,12.976,13.008,12.944,12.96,8945427
2021-02-21,2021,12.96,13.024,12.928,12.96,9153197
2021-02-22,2021,12.96,12.992,12.928,12.96,5990407
2021-02-23,2021,12.976,13.024,12.96,12.96,11633910
2021-02-24,2021,12.976,13.056,12.928,12.976,24169471
2021-02-25,2021,13.008,13.104,12.96,12.96,27848623
2021-02-28,2021,12.928,13.008,12.912,12.96,11927498
2021-03-01,2021,12.96,13.232,12.96,13.056,27288313
2021-03-02,2021,13.072,13.28,13.072,13.2,25131571
2021-03-03,2021,13.248,13.328,13.184,13.264,25945276
2021-03-04,2021,13.264,13.28,13.184,13.184,15299685
2021-03-07,2021,13.232,13.28,13.184,13.216,12765731
2021-03-08,2021,13.2,13.232,13.152,13.184,12514923
2021-03-09,2021,13.168,13.52,13.168,13.344,57503558
2021-03-10,2021,13.376,13.664,13.36,13.52,40190192
2021-03-11,2021,13.552,13.936,13.52,13.936,44138967
2021-03-14,2021,14.0,14.544,13.984,14.528,51538850
2021-03-15,2021,14.64,14.736,14.272,14.352,42190738
2021-03-16,2021,14.384,14.464,14.256,14.368,19137077
2021-03-17,2021,14.368,14.384,14.128,14.192,17581380
2021-03-18,2021,14.24,14.4,14.176,14.368,16817503
2021-03-21,2021,14.224,14.352,14.224,14.24,9078241
2021-03-22,2021,14.24,14.352,14.176,14.32,9357495
2021-03-23,2021,14.336,14.368,14.064,14.096,16636866
2021-03-24,2021,14.064,14.128,13.936,14.048,14433213
2021-03-25,2021,14.048,14.096,13.952,13.968,9394755
2021-03-28,2021,14.0,14.192,13.936,14.112,11040712
2021-03-29,2021,14.112,14.192,14.064,14.192,10234236
2021-03-30,2021,14.224,14.304,14.16,14.208,11433535
2021-03-31,2021,14.72,14.736,14.304,14.72,50020305
2021-04-01,2021,14.64,14.736,14.528,14.544,21929543
2021-04-04,2021,14.544,14.688,14.496,14.576,10334190
2021-04-05,2021,14.56,14.592,14.464,14.512,14521983
2021-04-06,2021,14.512,14.608,14.464,14.496,13978421
2021-04-07,2021,14.496,14.64,14.48,14.576,27958120
2021-04-08,2021,14.48,14.496,14.336,14.384,17687097
2021-04-11,2021,14.384,14.384,14.16,14.208,19390917
2021-04-12,2021,14.208,14.224,14.048,14.048,19135255
2021-04-13,2021,14.08,14.096,13.856,13.872,20659651
2021-04-14,2021,13.872,14.032,13.872,13.984,12747653
2021-04-15,2021,14.048,14.192,14.032,14.176,12830405
2021-04-18,2021,14.176,14.368,14.176,14.32,16337465
2021-04-19,2021,14.384,14.448,14.304,14.432,16202966
2021-04-20,2021,14.432,14.48,14.368,14.4,12991150
2021-04-21,2021,14.4,14.576,14.4,14.464,19024072
2021-04-22,2021,14.656,14.8,14.608,14.704,22954438
2021-04-25,2021,14.768,14.816,14.72,14.752,18933551
2021-04-26,2021,14.752,15.056,14.752,15.04,21411246
2021-04-27,2021,15.088,15.456,15.056,15.424,30368706
2021-04-28,2021,15.52,16.08,15.44,16.0,64160813
2021-04-29,2021,16.0,16.144,15.792,15.872,29620097
2021-05-02,2021,15.856,15.872,15.632,15.776,12285016
2021-05-03,2021,15.776,15.776,15.568,15.584,12543022
2021-05-04,2021,15.584,15.664,15.568,15.648,9978210
2021-05-05,2021,15.632,15.648,15.44,15.456,11023792
2021-05-06,2021,15.456,15.456,15.248,15.36,15365933
2021-05-09,2021,15.376,15.472,15.328,15.344,5763303
2021-05-10,2021,15.344,15.616,15.344,15.6,10405925
2021-05-17,2021,15.632,15.92,15.6,15.904,12374763
2021-05-18,2021,15.92,16.08,15.904,15.968,17010432
2021-05-19,2021,15.968,15.984,15.728,15.76,13903993
2021-05-20,2021,15.712,15.76,15.6,15.696,11415046
2021-05-23,2021,15.68,15.76,15.632,15.696,6784482
2021-05-24,2021,15.856,16.048,15.712,15.92,25847932
2021-05-25,2021,15.92,16.176,15.92,16.128,22143372
2021-05-26,2021,16.144,16.192,16.048,16.048,13364330
2021-05-27,2021,16.048,16.112,16.0,16.0,10932371
2021-05-30,2021,16.08,16.16,16.016,16.08,12166267
2021-05-31,2021,16.096,16.16,16.032,16.048,8979975
2021-06-01,2021,16.048,16.128,16.032,16.064,9014096
2021-06-02,2021,16.096,16.16,16.048,16.16,13720210
2021-06-03,2021,16.144,16.24,16.112,16.176,20709341
2021-06-06,2021,16.192,16.24,16.128,16.144,12501236
2021-06-07,2021,16.144,16.16,16.112,16.128,6205026
2021-06-08,2021,16.144,16.144,15.984,16.112,15548087
2021-06-09,2021,16.096,16.208,16.08,16.192,13198728
2021-06-10,2021,16.192,16.288,16.128,16.144,15118525
2021-06-13,2021,16.144,16.256,16.128,16.192,13124416
2021-06-14,2021,16.224,16.288,16.128,16.224,22806647
2021-06-15,2021,16.224,16.24,16.144,16.16,10126953
2021-06-16,2021,16.16,16.208,16.112,16.176,7569078
2021-06-17,2021,16.176,16.192,16.128,16.192,11194456
2021-06-20,2021,16.144,16.16,16.064,16.096,10156482
2021-06-21,2021,16.096,16.16,16.016,16.112,8837311
2021-06-22,2021,16.144,16.224,16.144,16.192,9987287
2021-06-23,2021,16.192,16.208,16.144,16.16,6363788
2021-06-24,2021,16.176,16.224,16.128,16.192,7328068
2021-06-27,2021,16.192,16.288,16.176,16.272,13022330
2021-06-28,2021,16.272,16.4,16.224,16.384,15068215
2021-06-29,2021,16.416,16.864,16.416,16.832,23642556
2021-06-30,2021,16.864,16.96,16.736,16.832,18706431
2021-07-01,2021,16.848,17.248,16.848,17.12,19154093
2021-07-04,2021,17.12,17.568,17.104,17.568,22797151
2021-07-05,2021,17.552,17.696,17.152,17.424,20885142
2021-07-06,2021,17.408,17.536,17.344,17.36,8389280
2021-07-07,2021,17.344,17.408,17.2,17.264,7821146
2021-07-08,2021,17.248,17.248,16.88,16.928,14652676
2021-07-11,2021,16.96,17.072,16.672,16.704,18017186
2021-07-12,2021,16.64,16.864,16.64,16.848,10648908
2021-07-13,2021,16.848,16.928,16.784,16.784,10018718
2021-07-14,2021,16.784,17.072,16.784,17.024,8521400
2021-07-15,2021,17.024,17.2,16.992,17.104,10288606
2021-07-25,2021,17.2,17.456,17.2,17.376,8225888
2021-07-26,2021,17.376,17.424,17.2,17.248,7371558
2021-07-27,2021,17.296,17.408,17.216,17.36,7891886
2021-07-28,2021,17.36,17.392,17.296,17.296,6770503
2021-07-29,2021,17.344,17.36,17.28,17.36,5887973
2021-08-01,2021,17.392,17.76,17.392,17.728,18061192
2021-08-02,2021,17.728,18.08,17.728,17.968,16923810
2021-08-03,2021,17.984,18.4,17.968,18.288,24761947
2021-08-04,2021,18.288,18.464,18.192,18.192,15046627
2021-08-05,2021,18.192,18.304,17.984,18.272,12307735
2021-08-08,2021,18.272,18.4,18.272,18.32,9201340
2021-08-09,2021,18.08,18.144,17.936,18.032,10309707
2021-08-10,2021,18.08,18.352,18.064,18.288,8299595
2021-08-11,2021,18.304,18.512,18.288,18.4,14677452
2021-08-12,2021,18.4,18.464,18.272,18.384,10546673
2021-08-15,2021,18.4,18.4,18.304,18.352,5371542
2021-08-16,2021,18.336,18.4,18.272,18.288,6648470
2021-08-17,2021,18.272,18.352,18.256,18.32,5738072
2021-08-18,2021,18.32,18.352,18.208,18.24,5352385
2021-08-19,2021,18.208,18.208,17.888,17.952,13242416
2021-08-22,2021,17.984,18.016,17.552,17.6,11540137
2021-08-23,2021,17.632,17.936,17.6,17.664,12358342
2021-08-24,2021,17.76,17.936,17.712,17.84,5577517
2021-08-25,2021,17.92,17.92,17.792,17.84,4793191
2021-08-26,2021,17.84,17.92,17.776,17.808,5072381
2021-08-29,2021,17.856,18.224,17.856,18.224,9056225
2021-08-30,2021,18.24,18.4,18.224,18.4,10489193
2021-08-31,2021,18.4,18.416,18.304,18.32,10351678
2021-09-01,2021,18.32,18.448,18.32,18.4,9561031
2021-09-02,2021,18.4,18.464,18.352,18.464,8590071
2021-09-05,2021,18.448,18.736,18.416,18.688,10718727
2021-09-06,2021,18.688,19.072,18.688,18.992,12478151
2021-09-07,2021,18.992,19.2,18.992,19.072,10444556
2021-09-08,2021,19.088,19.2,18.992,19.184,11642892
2021-09-09,2021,19.184,19.2,19.072,19.136,8134777
2021-09-12,2021,19.136,19.136,18.704,18.848,10389007
2021-09-13,2021,18.8,19.136,18.8,19.136,9246502
2021-09-14,2021,19.136,19.184,19.072,19.088,5755002
2021-09-15,2021,19.088,19.296,19.04,19.232,13025523
2021-09-16,2021,19.2,19.296,19.2,19.232,8254321
2021-09-19,2021,19.232,19.232,19.12,19.184,7777196
2021-09-20,2021,19.136,19.152,18.96,18.992,6390028
2021-09-21,2021,18.832,19.088,18.688,19.072,7928826
2021-09-22,2021,18.96,19.12,18.848,18.864,7148167
2021-09-26,2021,18.976,19.104,18.88,18.944,5294083
2021-09-27,2021,18.96,19.008,18.8,18.816,8351403
2021-09-28,2021,18.88,18.976,18.8,18.8,7660612
2021-09-29,2021,18.8,18.976,18.8,18.976,7134008
2021-09-30,2021,18.992,19.2,18.976,19.2,14014378
2021-10-03,2021,19.2,19.392,19.12,19.36,9919333
2021-10-04,2021,19.312,19.68,19.312,19.584,13004621
2021-10-05,2021,19.584,19.728,19.52,19.536,9931522
2021-10-06,2021,19.68,19.68,19.488,19.504,9805480
2021-10-07,2021,19.488,19.6,19.488,19.568,6762413
2021-10-10,2021,19.568,19.888,19.536,19.6,11220781
2021-10-11,2021,19.6,19.68,19.328,19.488,8730427
2021-10-12,2021,19.52,19.76,19.472,19.68,8771952
2021-10-13,2021,19.68,19.744,19.632,19.728,4718317
2021-10-14,2021,19.728,19.792,19.696,19.776,5747037
2021-10-17,2021,19.824,19.872,19.808,19.856,5174665
2021-10-18,2021,19.856,19.856,19.728,19.808,5849142
2021-10-19,2021,19.84,20.04,19.824,20.04,11679967
2021-10-20,2021,20.0,20.12,19.936,20.04,11348121
2021-10-21,2021,20.04,20.48,20.0,20.44,12487832
2021-10-24,2021,20.56,20.6,20.2,20.4,10295510
2021-10-25,2021,20.4,20.44,20.08,20.24,9794881
2021-10-26,2021,20.36,20.44,20.24,20.32,5876875
2021-10-27,2021,20.32,20.4,20.08,20.08,7930421
2021-10-28,2021,20.08,20.24,19.936,20.12,8120695
2021-10-31,2021,20.12,20.32,19.984,20.04,7038070
2021-11-01,2021,20.04,20.24,20.0,20.0,8641942
2021-11-02,2021,20.04,20.2,20.04,20.16,5105471
2021-11-03,2021,20.08,20.2,19.856,20.0,10546551
2021-11-04,2021,19.952,20.04,19.856,19.952,5408360
2021-11-07,2021,20.0,20.24,19.968,20.08,12725330
2021-11-08,2021,20.08,20.24,19.968,19.968,11639070
2021-11-09,2021,19.984,20.12,19.968,19.968,8051460
2021-11-10,2021,19.984,20.68,19.936,20.56,19789398
2021-11-11,2021,20.52,20.76,20.28,20.32,10715768
2021-11-14,2021,20.48,20.68,20.32,20.64,8456510
2021-11-15,2021,20.6,20.64,20.4,20.44,5950800
2021-11-16,2021,20.44,20.6,20.36,20.48,6810828
2021-11-17,2021,20.44,20.6,20.4,20.4,6315026
2021-11-18,2021,20.4,20.52,20.24,20.4,7476105
2021-11-21,2021,20.08,20.16,19.712,19.776,12061993
2021-11-22,2021,19.712,19.76,18.784,18.784,19557970
2021-11-23,2021,18.64,19.152,18.496,18.944,21897425
2021-11-24,2021,19.072,19.36,19.072,19.232,12639710
2021-11-25,2021,19.248,19.552,19.248,19.44,10362087
2021-11-28,2021,18.24,18.784,18.16,18.32,22707431
2021-11-29,2021,18.56,18.784,18.32,18.416,13972956
2021-11-30,2021,18.368,18.368,17.76,18.224,20661386
2021-12-01,2021,18.224,18.432,18.016,18.128,10893220
2021-12-02,2021,18.096,18.176,17.952,18.0,8402063
2021-12-05,2021,18.032,18.56,18.032,18.56,10010321
2021-12-06,2021,18.64,18.912,18.416,18.416,12589145
2021-12-07,2021,18.656,18.72,18.512,18.592,8183666
2021-12-08,2021,18.656,18.656,18.4,18.416,5599745
2021-12-09,2021,18.448,18.528,18.24,18.384,6030205
2021-12-12,2021,18.32,18.48,18.24,18.4,4016041
2021-12-13,2021,18.56,18.64,18.416,18.416,6791752
2021-12-14,2021,18.416,18.448,18.288,18.32,4825682
2021-12-15,2021,18.32,18.72,18.304,18.64,8885361
2021-12-16,2021,18.8,19.248,18.752,19.2,14933812
2021-12-19,2021,19.008,19.152,18.704,18.912,9748621
2021-12-20,2021,18.8,18.976,18.656,18.912,8869580
2021-12-21,2021,18.896,19.104,18.896,19.008,6503323
2021-12-22,2021,19.088,19.168,18.832,18.896,5809482
2021-12-23,2021,18.912,19.008,18.864,18.928,4089403
2021-12-26,2021,18.896,19.008,18.864,18.96,5060441
2021-12-27,2021,18.912,19.04,18.736,18.96,6694845
2021-12-28,2021,18.992,19.2,18.992,19.2,8304398
2021-12-29,2021,19.2,19.296,18.992,19.088,11426125
2021-12-30,2021,19.12,19.264,19.072,19.168,10919637
2022-01-02,2022,19.184,19.952,19.152,19.84,9739882
2022-01-03,2022,19.84,20.04,19.568,19.696,12282191
2022-01-04,2022,19.76,20.08,19.76,19.952,11664846
2022-01-05,2022,19.952,20.2,19.952,20.08,11207405
2022-01-06,2022,20.0,20.4,19.968,20.32,10747127
2022-01-09,2022,20.36,20.96,20.32,20.88,18597753
2022-01-10,2022,20.92,21.2,20.8,20.92,12795531
2022-01-11,2022,20.92,21.4,20.68,21.32,15561016
2022-01-12,2022,21.32,21.52,21.28,21.4,7188135
2022-01-13,2022,21.32,21.8,21.28,21.76,16353913
2022-01-16,2022,22.0,22.24,21.76,22.12,16223990
2022-01-17,2022,22.12,22.32,21.92,22.32,11686246
2022-01-18,2022,22.28,22.56,22.16,22.2,12404150
2022-01-19,2022,22.16,22.32,21.96,22.12,9167891
2022-01-20,2022,22.12,22.2,21.96,22.12,8865758
2022-01-23,2022,22.12,22.12,21.88,21.96,6332493
2022-01-24,2022,21.92,22.16,21.92,22.08,10627647
2022-01-25,2022,22.08,22.4,22.04,22.36,16190857
2022-01-26,2022,22.36,22.48,22.24,22.44,11185658
2022-01-27,2022,22.4,22.76,22.24,22.68,16830403
2022-01-30,2022,22.76,23.4,22.76,23.2,20887137
2022-01-31,2022,23.28,24.0,23.28,23.96,30723102
2022-02-01,2022,23.96,24.24,23.4,23.64,22700826
2022-02-02,2022,23.8,24.0,23.6,23.64,12527762
2022-02-03,2022,23.64,23.76,23.44,23.52,10486495
2022-02-06,2022,23.6,23.72,23.12,23.72,12434691
2022-02-07,2022,23.52,23.64,23.28,23.28,16916483
2022-02-08,2022,23.24,23.52,23.12,23.48,10016990
2022-02-09,2022,23.48,23.64,23.36,23.52,8011768
2022-02-10,2022,23.52,24.08,23.52,24.0,16863295
2022-02-13,2022,23.72,23.84,23.36,23.68,15632166
2022-02-14,2022,23.64,24.32,23.52,24.32,18879086
2022-02-15,2022,24.24,24.92,24.2,24.92,23491610
2022-02-16,2022,24.92,25.8,24.92,25.56,23813898
2022-02-17,2022,25.6,25.88,25.44,25.6,13559683
2022-02-20,2022,25.72,27.32,25.68,27.08,34024418
2022-02-21,2022,27.08,28.92,27.08,27.88,45077481
2022-02-23,2022,27.6,28.44,27.28,27.64,28658133
2022-02-24,2022,26.4,27.2,26.16,26.96,39352065
2022-02-27,2022,27.68,28.12,27.52,27.76,17150665
2022-02-28,2022,27.76,28.52,27.32,28.4,21940881
2022-03-01,2022,28.4,29.0,28.4,28.6,18218691
2022-03-02,2022,28.68,28.76,27.92,28.4,13967150
2022-03-03,2022,28.48,28.72,28.28,28.44,13645535
2022-03-06,2022,28.48,28.64,27.48,27.48,11523997
2022-03-07,2022,27.48,27.52,26.08,26.4,21842181
2022-03-08,2022,26.36,27.16,26.0,26.92,16837225
2022-03-09,2022,26.92,27.76,26.88,27.24,12255642
2022-03-10,2022,27.32,27.68,27.32,27.56,8427541
2022-03-13,2022,27.68,27.76,27.24,27.36,6919172
2022-03-14,2022,27.24,27.64,27.0,27.36,9919148
2022-03-15,2022,27.32,27.72,27.08,27.72,9583186
2022-03-16,2022,27.72,28.8,27.72,28.8,29600490
2022-03-17,2022,29.0,29.88,28.88,29.8,33753106
2022-03-20,2022,29.88,31.6,29.88,31.28,29703006
2022-03-21,2022,31.4,31.44,30.4,30.56,23145592
2022-03-22,2022,30.56,30.6,29.96,30.12,12264276
2022-03-23,2022,30.12,30.88,30.12,30.8,11612873
2022-03-24,2022,30.88,31.12,30.48,31.08,12066537
2022-03-27,2022,30.92,31.32,30.88,31.12,10597717
2022-03-28,2022,31.12,31.36,30.96,31.36,9749718
2022-03-29,2022,31.44,31.52,31.12,31.32,12252700
2022-03-30,2022,31.32,31.32,30.92,31.08,7488950
2022-03-31,2022,30.96,31.2,30.84,31.08,7999357
2022-04-03,2022,31.28,31.28,30.88,30.96,3227437
2022-04-04,2022,30.84,31.76,30.8,31.76,13931132
2022-04-05,2022,31.8,32.32,31.76,32.24,15035981
2022-04-06,2022,32.24,33.68,32.08,33.44,22983298
2022-04-07,2022,33.48,33.88,33.24,33.6,14603416
2022-04-10,2022,33.68,33.92,33.48,33.56,9311365
2022-04-11,2022,33.56,33.72,33.4,33.4,11535046
2022-04-12,2022,33.4,33.84,33.36,33.68,12619538
2022-04-13,2022,33.72,33.96,32.88,33.28,13037545
2022-04-14,2022,33.12,33.6,31.92,33.4,9760990
2022-04-17,2022,33.32,33.48,32.72,33.2,5995165
2022-04-18,2022,33.2,33.6,33.2,33.28,6259142
2022-04-19,2022,33.28,33.4,32.8,32.84,10003277
2022-04-20,2022,32.8,32.8,32.16,32.8,11407928
2022-04-21,2022,32.84,33.0,32.16,32.52,5348173
2022-04-24,2022,32.52,32.52,31.88,32.4,4817760
2022-04-25,2022,32.4,33.36,32.04,33.36,8441563
2022-04-26,2022,33.36,33.48,32.72,33.08,7519442
2022-04-27,2022,32.96,33.12,32.88,33.12,4952296
2022-04-28,2022,33.44,33.44,33.12,33.16,6274085
2022-05-08,2022,33.32,33.6,33.2,33.24,6386357
2022-05-09,2022,33.28,33.84,33.24,33.44,11907727
2022-05-10,2022,33.36,33.44,32.64,32.64,8715425
2022-05-11,2022,32.64,33.2,31.6,31.6,7970706
2022-05-12,2022,31.6,31.6,28.96,29.36,21992553
2022-05-15,2022,29.92,30.24,29.36,29.92,14298338
2022-05-16,2022,30.36,30.52,29.2,29.2,9702350
2022-05-17,2022,29.2,29.52,27.08,29.52,24121427
2022-05-18,2022,29.76,30.0,29.0,29.4,12090193
2022-05-19,2022,28.0,28.92,27.84,28.76,11118276
2022-05-22,2022,29.04,29.08,27.52,28.2,13630392
2022-05-23,2022,28.44,28.68,27.56,28.0,11699923
2022-05-24,2022,28.0,28.88,27.68,28.88,8261210
2022-05-25,2022,28.92,30.52,28.88,30.44,13770818
2022-05-26,2022,30.52,31.12,30.08,30.4,13354511
2022-05-29,2022,30.56,30.92,30.56,30.92,6293641
2022-05-30,2022,31.04,31.4,30.88,31.4,10547571
2022-05-31,2022,31.6,31.64,30.52,30.8,23262783
2022-06-01,2022,30.84,31.08,30.0,30.0,11541916
2022-06-02,2022,30.0,30.0,29.24,29.68,9458247
2022-06-05,2022,29.44,30.04,29.32,29.88,4620270
2022-06-06,2022,30.08,30.48,29.84,29.84,10600403
2022-06-07,2022,29.84,30.04,29.52,29.6,6441891
2022-06-08,2022,29.72,30.0,29.04,29.04,11352172
2022-06-09,2022,29.04,29.2,28.68,28.8,8259241
2022-06-12,2022,28.4,28.4,27.84,28.16,8907428
2022-06-13,2022,28.0,29.0,27.92,28.32,19518716
2022-06-14,2022,28.32,29.04,27.48,28.6,15784957
2022-06-15,2022,28.8,28.96,28.4,28.4,6140648
2022-06-16,2022,28.72,29.04,27.68,27.68,9128705
2022-06-19,2022,26.84,27.04,25.72,25.88,13931303
2022-06-20,2022,25.76,26.56,24.96,26.0,13407783
2022-06-21,2022,26.2,27.36,26.2,27.2,11970916
2022-06-22,2022,27.2,27.2,26.24,26.24,7903283
2022-06-23,2022,26.4,26.56,25.8,26.12,8179250
2022-06-26,2022,26.76,27.4,26.72,27.12,6443112
2022-06-27,2022,27.36,27.72,27.12,27.16,9168122
2022-06-28,2022,27.12,27.44,26.4,27.4,4274918
2022-06-29,2022,27.28,27.44,27.0,27.2,3943126
2022-06-30,2022,27.2,27.36,26.72,26.72,4985648
2022-07-03,2022,26.88,27.12,26.24,26.56,3640886
2022-07-04,2022,26.56,26.8,26.4,26.72,4200571
2022-07-05,2022,26.64,26.76,26.2,26.52,5462420
2022-07-06,2022,26.4,26.96,26.16,26.64,7291210
2022-07-13,2022,26.6,27.2,26.32,26.68,8052460
2022-07-14,2022,26.52,26.84,25.6,25.6,5444073
2022-07-17,2022,26.32,26.72,26.04,26.52,6977955
2022-07-18,2022,26.56,27.68,26.48,27.68,14627747
2022-07-19,2022,27.76,29.2,27.76,29.04,11233873
2022-07-20,2022,29.32,30.56,29.32,29.84,13971382
2022-07-21,2022,30.0,30.16,29.36,30.08,8501377
2022-07-24,2022,30.16,30.24,29.8,30.04,6212922
2022-07-25,2022,29.92,29.96,29.56,29.8,6471993
2022-07-26,2022,29.84,30.08,29.68,29.92,3156625
2022-07-27,2022,30.28,30.88,30.12,30.48,13156125
2022-07-28,2022,30.52,31.0,30.36,30.44,11520758
2022-07-31,2022,30.52,30.68,30.24,30.36,4639680
2022-08-01,2022,30.24,30.36,30.08,30.32,5493181
2022-08-02,2022,30.24,30.24,29.96,30.12,4922281
2022-08-03,2022,30.0,30.04,29.72,29.88,4782892
2022-08-04,2022,29.92,30.24,29.92,30.12,3675500
2022-08-07,2022,30.12,30.2,29.84,30.04,2722558
2022-08-08,2022,30.04,30.52,30.04,30.36,5070953
2022-08-09,2022,30.4,30.44,30.12,30.12,3643930
2022-08-10,2022,30.16,30.4,30.12,30.4,3430012
2022-08-11,2022,30.48,30.76,30.36,30.52,4379828
2022-08-14,2022,30.52,30.8,30.52,30.64,3245845
2022-08-15,2022,30.64,30.64,30.24,30.32,4335290
2022-08-16,2022,30.32,30.68,30.24,30.68,4725367
2022-08-17,2022,30.72,31.6,30.68,31.4,9665833
2022-08-18,2022,31.44,31.8,31.44,31.52,5327380
2022-08-21,2022,31.52,31.56,31.12,31.28,4578281
2022-08-22,2022,31.2,31.6,31.16,31.24,5617871
2022-08-23,2022,31.2,31.32,30.68,30.72,7541218
2022-08-24,2022,30.64,30.72,30.08,30.4,6028028
2022-08-25,2022,30.48,30.76,30.4,30.64,5151063
2022-08-28,2022,30.4,30.48,30.28,30.36,4664451
2022-08-29,2022,30.4,30.84,30.4,30.8,6586536
2022-08-30,2022,30.8,31.0,30.72,30.88,3710932
2022-08-31,2022,30.8,30.84,30.32,30.4,5969513
2022-09-01,2022,30.04,30.08,29.56,29.76,16433462
2022-09-04,2022,29.64,29.76,29.52,29.64,5789633
2022-09-05,2022,29.6,30.24,29.6,29.76,3904345
2022-09-06,2022,29.64,30.0,28.96,28.96,5693900
2022-09-07,2022,28.96,29.28,28.16,28.64,8351401
2022-09-08,2022,28.52,29.2,28.4,29.2,7195418
2022-09-11,2022,29.6,30.2,29.52,29.72,5564010
2022-09-12,2022,30.28,30.36,29.68,30.32,4755256
2022-09-13,2022,30.4,30.48,29.48,29.72,12362351
2022-09-14,2022,29.28,29.48,28.84,29.2,5480368
2022-09-15,2022,29.52,29.84,29.44,29.48,5697475
2022-09-18,2022,29.48,29.48,29.0,29.08,4495591
2022-09-19,2022,28.88,29.32,28.8,28.8,4611200
2022-09-20,2022,29.28,29.56,29.2,29.2,5217782
2022-09-21,2022,29.4,29.52,28.84,29.4,5053737
2022-09-25,2022,28.8,28.84,28.2,28.44,5756652
2022-09-26,2022,28.16,28.52,27.44,27.6,12123851
2022-09-27,2022,27.64,28.24,27.56,27.92,8077906
2022-09-28,2022,28.12,28.32,27.88,28.0,6020871
2022-09-29,2022,28.36,29.04,28.36,29.0,6996751
2022-10-02,2022,29.04,29.56,28.8,29.56,4916725
2022-10-03,2022,29.72,30.36,29.68,30.36,9140135
2022-10-04,2022,30.52,30.92,30.52,30.68,7769863
2022-10-05,2022,30.84,31.04,30.08,30.24,6160967
2022-10-06,2022,30.24,30.48,30.16,30.16,2054160
2022-10-09,2022,29.84,30.0,29.32,29.48,3510117
2022-10-10,2022,29.36,29.76,28.88,29.2,4710973
2022-10-11,2022,29.0,29.48,28.96,29.2,5252407
2022-10-12,2022,29.28,29.48,28.92,29.04,6783543
2022-10-13,2022,29.0,29.16,28.52,28.64,6129860
2022-10-16,2022,28.64,28.8,28.24,28.4,4838167
2022-10-17,2022,28.52,28.76,28.24,28.64,5305716
2022-10-18,2022,28.84,29.6,28.84,29.28,10240990
2022-10-19,2022,29.36,29.56,28.6,28.64,9977293
2022-10-20,2022,28.72,29.4,28.68,29.4,13904891
2022-10-23,2022,29.72,29.84,29.2,29.32,8019131
2022-10-24,2022,29.2,29.68,29.04,29.6,6485970
2022-10-25,2022,29.6,29.6,29.04,29.36,5764112
2022-10-26,2022,29.48,29.48,28.8,29.08,7294067
2022-10-27,2022,29.08,30.0,29.0,29.84,13796978
2022-10-30,2022,29.8,30.12,29.52,29.6,4691051
2022-10-31,2022,29.6,30.04,29.48,30.0,7110028
2022-11-01,2022,30.0,30.04,29.68,29.92,4219687
2022-11-02,2022,29.92,30.4,29.64,30.4,9342560
2022-11-03,2022,30.12,30.4,29.52,29.6,7880510
2022-11-06,2022,30.0,30.2,29.84,30.0,3357266
2022-11-07,2022,30.08,30.76,29.84,30.76,9496392
2022-11-08,2022,30.72,30.92,30.44,30.84,5101458
2022-11-09,2022,30.64,31.2,30.6,30.88,6092865
2022-11-10,2022,30.8,30.8,30.08,30.52,4203357
2022-11-13,2022,30.8,30.84,30.4,30.4,4607557
2022-11-14,2022,30.4,30.4,29.84,30.32,4052037
2022-11-15,2022,30.24,30.32,29.72,29.88,3053612
2022-11-16,2022,29.68,29.84,29.32,29.56,4654895
2022-11-17,2022,29.56,29.56,28.64,28.92,5210813
2022-11-20,2022,28.84,28.84,28.2,28.44,4560732
2022-11-21,2022,28.36,28.36,26.84,27.52,10574787
2022-11-22,2022,27.48,27.6,27.16,27.56,4630746
2022-11-24,2022,27.6,27.6,26.56,26.88,5895876
2022-11-27,2022,26.88,26.88,26.0,26.28,2928270
2022-11-28,2022,25.6,27.0,25.4,26.76,4819273
2022-11-29,2022,26.76,27.28,26.28,26.4,5191416
2022-11-30,2022,26.4,27.6,26.08,27.6,9623922
2022-12-01,2022,27.6,28.0,26.96,27.04,6458393
2022-12-04,2022,27.04,27.2,26.4,26.4,2325165
2022-12-05,2022,26.4,26.56,25.6,25.6,5858336
2022-12-06,2022,25.6,26.04,24.88,25.88,5708788
2022-12-07,2022,25.88,25.92,25.28,25.28,4325571
2022-12-08,2022,25.28,25.8,24.84,25.12,9083212
2022-12-11,2022,25.12,25.52,24.04,24.04,4320186
2022-12-12,2022,24.04,24.8,23.36,24.44,5665255
2022-12-13,2022,24.76,26.36,24.64,25.88,6767792
2022-12-14,2022,26.12,26.68,25.44,25.6,5653245
2022-12-15,2022,25.56,25.72,25.28,25.72,4742553
2022-12-18,2022,25.6,26.08,25.48,25.6,2455662
2022-12-19,2022,25.56,25.68,25.16,25.4,2854171
2022-12-20,2022,25.28,25.92,24.92,25.84,2673733
2022-12-21,2022,26.08,26.4,25.88,26.0,4438242
2022-12-22,2022,26.16,26.2,25.76,25.76,2094752
2022-12-25,2022,25.76,25.84,25.52,25.52,1393081
2022-12-26,2022,25.4,25.6,25.28,25.32,1634301
2022-12-27,2022,25.4,25.96,25.28,25.72,2723668
2022-12-28,2022,25.64,25.96,25.52,25.96,3131240
2022-12-29,2022,25.92,26.24,25.68,26.04,3980665
2023-01-01,2023,26.04,26.24,25.92,26.08,1039718
2023-01-02,2023,26.08,26.24,26.04,26.24,1909515
2023-01-03,2023,26.24,26.56,26.2,26.4,2666297
2023-01-04,2023,26.4,26.68,26.0,26.08,3931758
2023-01-05,2023,26.0,26.2,25.88,26.08,2290107
2023-01-08,2023,26.12,26.28,25.76,25.8,1941493
2023-01-09,2023,25.88,26.0,25.72,25.88,3415578
2023-01-10,2023,25.92,25.92,25.72,25.84,2640098
2023-01-11,2023,25.84,26.12,25.6,25.6,3999655
2023-01-12,2023,25.6,25.88,25.6,25.76,4704816
2023-01-15,2023,25.88,26.48,25.88,26.32,6381142
2023-01-16,2023,26.28,26.88,26.16,26.72,4214188
2023-01-17,2023,26.76,26.88,26.36,26.68,5219951
2023-01-18,2023,26.48,26.84,25.6,25.6,7654371
2023-01-19,2023,25.6,26.0,25.4,25.84,4349411
2023-01-22,2023,26.0,26.16,25.88,26.0,2168537
2023-01-23,2023,25.92,26.32,25.84,26.32,1954707
2023-01-24,2023,26.32,26.56,26.24,26.36,4355135
2023-01-25,2023,26.36,26.44,26.28,26.4,2356201
2023-01-26,2023,26.4,26.56,26.28,26.36,3120177
2023-01-29,2023,26.52,26.72,26.36,26.6,3171520
2023-01-30,2023,26.72,26.76,26.24,26.4,5017098
2023-01-31,2023,26.44,26.44,26.0,26.28,5174063
2023-02-01,2023,26.2,26.44,26.12,26.36,2929286
2023-02-02,2023,26.28,26.28,24.76,25.24,18843365
2023-02-05,2023,25.2,25.2,24.32,24.32,8924082
2023-02-06,2023,24.16,24.16,23.4,23.56,18018286
2023-02-07,2023,23.68,23.84,23.0,23.0,14710173
2023-02-08,2023,23.0,23.64,22.88,23.44,13436987
2023-02-09,2023,23.48,23.6,23.0,23.32,12986013
2023-02-12,2023,23.4,23.96,23.36,23.84,6144813
2023-02-13,2023,23.8,24.32,23.68,24.32,7589605
2023-02-14,2023,24.4,24.48,23.92,23.92,4516585
2023-02-15,2023,23.76,24.0,23.64,24.0,3084395
2023-02-16,2023,24.0,24.08,23.84,23.84,3154121
2023-02-19,2023,23.84,23.96,23.64,23.84,1845076
2023-02-20,2023,23.84,23.88,23.32,23.32,4475962
2023-02-21,2023,23.28,23.44,22.68,22.68,5723796
2023-02-23,2023,22.56,22.68,22.32,22.56,4082872
2023-02-26,2023,22.48,22.56,22.12,22.32,4287302
2023-02-27,2023,22.12,22.36,21.92,22.24,6957421
2023-02-28,2023,22.28,23.56,22.2,23.56,8527750
2023-03-01,2023,23.6,23.88,23.16,23.28,6033053
2023-03-02,2023,23.36,24.16,23.32,24.0,7179066
2023-03-05,2023,24.08,24.68,24.08,24.56,7232581
2023-03-06,2023,24.56,24.64,24.2,24.48,4318287
2023-03-07,2023,24.44,25.12,24.36,24.92,7832618
2023-03-08,2023,24.48,24.8,24.16,24.68,5367440
2023-03-09,2023,24.68,25.12,24.56,24.56,5272801
2023-03-12,2023,24.4,24.4,23.56,23.96,8557130
2023-03-13,2023,24.08,24.44,23.44,23.44,7981982
2023-03-14,2023,23.12,23.64,22.96,23.12,7232367
2023-03-15,2023,23.56,23.6,22.64,22.8,6728395
2023-03-16,2023,22.72,23.6,22.6,22.88,11480230
2023-03-19,2023,23.12,23.68,22.96,23.6,5148416
2023-03-20,2023,23.44,23.56,23.2,23.28,8243966
2023-03-21,2023,23.36,23.92,23.28,23.84,5991122
2023-03-22,2023,23.84,24.08,23.48,23.56,6533687
2023-03-23,2023,23.52,23.64,23.28,23.64,3334956
2023-03-26,2023,23.6,23.8,23.52,23.72,2529026
2023-03-27,2023,23.72,23.96,23.56,23.68,5617333
2023-03-28,2023,23.72,23.88,23.56,23.68,4565620
2023-03-29,2023,23.68,23.8,23.08,23.36,6096313
2023-03-30,2023,23.4,23.76,23.4,23.56,7047152
2023-04-02,2023,23.84,23.88,23.64,23.72,7895898
2023-04-03,2023,23.88,24.84,23.84,24.76,16407357
2023-04-04,2023,24.8,25.24,24.76,25.2,8227303
2023-04-05,2023,25.24,25.76,24.92,25.52,7602235
2023-04-06,2023,25.48,25.56,25.04,25.24,4057663
2023-04-09,2023,25.28,25.76,25.28,25.4,3231208
2023-04-10,2023,25.4,25.52,25.16,25.24,2270613
2023-04-11,2023,25.24,25.32,24.88,25.12,2999543
2023-04-12,2023,25.12,25.84,25.12,25.6,6416017
2023-04-13,2023,25.6,26.0,25.52,25.68,4994606
2023-04-16,2023,25.68,25.96,25.64,25.8,2982736
2023-04-17,2023,25.8,25.88,25.6,25.64,4132017
2023-04-25,2023,25.64,25.72,24.96,25.36,5458448
2023-04-26,2023,25.32,25.52,25.04,25.48,7254357
2023-04-27,2023,25.44,25.44,25.0,25.32,8077218
2023-04-30,2023,25.44,25.6,25.4,25.52,5700365
2023-05-01,2023,25.4,26.08,25.2,25.84,11560263
2023-05-02,2023,25.8,26.2,25.6,26.2,7226525
2023-05-03,2023,25.48,25.48,24.68,24.72,28565900
2023-05-04,2023,24.68,25.12,24.48,24.92,9526907
2023-05-07,2023,25.04,25.2,25.04,25.16,8043617
2023-05-08,2023,25.16,25.24,24.92,25.24,7534740
2023-05-09,2023,25.2,25.24,24.92,25.12,5491160
2023-05-10,2023,25.08,25.16,24.92,24.92,2694107
2023-05-11,2023,24.96,25.24,24.96,25.24,4587688
2023-05-14,2023,25.36,25.44,25.16,25.16,5086212
2023-05-15,2023,25.28,25.28,24.88,24.96,4997075
2023-05-16,2023,25.08,25.32,25.04,25.04,5165258
2023-05-17,2023,25.12,25.24,24.96,25.16,3910000
2023-05-18,2023,25.2,26.16,25.2,25.8,12082608
2023-05-21,2023,25.84,26.04,25.68,25.72,2744521
2023-05-22,2023,25.72,26.4,25.64,26.4,7991235
2023-05-23,2023,26.24,26.6,26.24,26.44,6657773
2023-05-24,2023,26.28,26.76,26.2,26.64,7365106
2023-05-25,2023,26.44,26.72,26.2,26.24,4543868
2023-05-28,2023,26.24,26.56,25.6,25.6,4315676
2023-05-29,2023,25.64,26.16,25.64,25.92,4170710
2023-05-30,2023,25.8,26.4,25.8,26.0,4124487
2023-05-31,2023,25.76,26.12,25.2,26.12,18026732
2023-06-01,2023,25.72,26.12,25.64,25.64,3487183
2023-06-04,2023,25.76,26.24,25.76,26.12,3865626
2023-06-05,2023,26.12,26.76,26.08,26.4,8651648
2023-06-06,2023,26.24,26.88,26.24,26.6,7324613
2023-06-07,2023,26.68,27.6,26.68,26.92,6955656
2023-06-08,2023,27.04,27.48,26.88,26.96,3908743
2023-06-11,2023,27.08,27.48,27.08,27.24,2648598
2023-06-12,2023,27.24,27.36,26.92,27.08,3081915
2023-06-13,2023,27.08,27.36,27.08,27.28,3676297
2023-06-14,2023,27.2,27.52,27.16,27.2,3505091
2023-06-15,2023,27.2,27.32,27.08,27.2,4605208
2023-06-18,2023,27.2,27.28,26.88,26.88,2672033
2023-06-19,2023,26.88,26.92,26.52,26.64,3740425
2023-06-20,2023,26.52,26.68,26.44,26.68,1683005
2023-06-21,2023,26.68,27.2,26.68,27.2,2972348
2023-06-22,2023,27.16,27.16,26.72,26.8,3305546
2023-07-02,2023,26.92,27.16,26.92,27.16,2434427
2023-07-03,2023,27.04,27.2,26.92,27.2,3082163
2023-07-04,2023,27.2,27.36,27.12,27.12,1853433
2023-07-05,2023,27.12,27.28,26.92,27.2,2432480
2023-07-06,2023,27.2,27.6,27.08,27.56,4209063
2023-07-09,2023,27.56,28.0,27.52,28.0,4371065
2023-07-10,2023,27.88,28.08,27.8,27.92,3524196
2023-07-11,2023,27.92,28.48,27.92,28.48,3567148
2023-07-12,2023,28.56,29.04,28.56,28.96,6217638
2023-07-13,2023,28.96,29.16,28.64,28.88,3993552
2023-07-16,2023,28.96,29.16,28.64,28.64,3349923
2023-07-17,2023,28.68,28.92,28.28,28.68,7253295
2023-07-18,2023,28.68,29.68,28.64,29.24,8615091
2023-07-19,2023,29.24,29.6,29.16,29.16,3329558
2023-07-20,2023,29.24,29.48,29.12,29.24,2351286
2023-07-23,2023,29.36,29.4,29.0,29.2,2121906
2023-07-24,2023,29.2,29.44,29.08,29.32,3663653
2023-07-25,2023,30.2,31.84,30.2,31.8,19216892
2023-07-26,2023,31.8,31.8,30.56,30.68,10116172
2023-07-27,2023,30.68,30.92,30.28,30.28,4528992
2023-07-30,2023,30.04,30.56,29.84,29.92,4289027
2023-07-31,2023,30.08,30.08,29.6,29.6,5848861
2023-08-01,2023,29.6,30.08,29.48,29.52,6062260
2023-08-02,2023,29.52,29.68,29.32,29.32,7369350
2023-08-03,2023,29.0,29.12,28.6,28.8,10262718
2023-08-06,2023,28.84,29.04,28.4,28.56,4711927
2023-08-07,2023,28.56,28.76,28.2,28.2,5416755
2023-08-08,2023,28.32,28.8,28.28,28.36,3785946
2023-08-09,2023,28.44,29.0,27.88,28.72,6880845
2023-08-10,2023,28.64,29.2,28.44,29.16,6084675
2023-08-13,2023,28.96,29.32,28.92,29.12,3557773
2023-08-14,2023,29.08,29.12,28.72,28.72,3558582
2023-08-15,2023,28.72,28.72,28.32,28.32,2664948
2023-08-16,2023,28.24,28.56,28.04,28.2,2676916
2023-08-17,2023,28.12,28.88,28.0,28.76,4306587
2023-08-20,2023,28.76,29.04,28.68,28.84,2667972
2023-08-21,2023,28.84,28.92,28.64,28.64,2874848
2023-08-22,2023,28.44,28.56,28.24,28.4,4209501
2023-08-23,2023,28.32,28.6,28.16,28.16,3671771
2023-08-24,2023,28.24,28.52,28.2,28.32,2662586
2023-08-27,2023,28.28,28.6,28.24,28.28,2696220
2023-08-28,2023,28.32,28.48,28.24,28.28,2626638
2023-08-29,2023,28.36,28.56,28.2,28.36,1919417
2023-08-30,2023,28.4,29.68,28.36,29.36,8522446
2023-08-31,2023,29.52,29.52,29.2,29.52,4140835
2023-09-03,2023,29.48,29.56,28.76,28.92,2185772
2023-09-04,2023,29.04,29.2,28.6,28.88,3045197
2023-09-05,2023,28.84,29.12,28.6,28.88,3768102
2023-09-06,2023,28.8,28.84,28.2,28.4,5363306
2023-09-07,2023,28.4,28.48,27.88,28.2,4307921
2023-09-10,2023,28.08,28.12,27.4,27.72,5515886
2023-09-11,2023,27.76,28.0,27.36,27.92,5518473
2023-09-12,2023,27.96,28.0,27.44,27.52,3876185
2023-09-13,2023,27.36,27.56,27.12,27.44,3845698
2023-09-14,2023,27.56,27.64,27.32,27.64,3951476
2023-09-17,2023,27.52,27.6,27.12,27.16,2507015
2023-09-18,2023,27.16,27.32,26.8,27.0,3758428
2023-09-19,2023,27.0,27.56,26.84,27.52,6341931
2023-09-20,2023,27.52,27.56,27.2,27.4,3401070
2023-09-21,2023,27.4,27.52,26.48,26.6,8350597
2023-09-25,2023,26.4,27.28,26.24,26.8,8852546
2023-09-26,2023,26.72,26.88,26.32,26.52,10178807
2023-09-27,2023,26.52,26.88,26.32,26.68,9195455
2023-09-28,2023,26.76,27.04,26.64,26.72,6682827
2023-10-01,2023,26.76,27.16,26.56,26.92,4160097
2023-10-02,2023,26.84,27.36,26.84,27.2,4780097
2023-10-03,2023,27.2,27.4,26.84,27.2,5503403
2023-10-04,2023,27.12,27.16,26.56,26.68,3475811
2023-10-05,2023,26.72,26.72,26.4,26.44,3612091
2023-10-08,2023,26.32,26.36,25.8,26.04,4275490
2023-10-09,2023,25.88,26.24,25.72,26.08,5252001
2023-10-10,2023,26.16,26.72,26.0,26.24,5323295
2023-10-11,2023,26.2,26.52,25.24,25.52,6588807
2023-10-12,2023,25.6,25.76,24.8,25.32,9928972
2023-10-15,2023,25.32,25.52,25.04,25.2,2896168
2023-10-16,2023,25.32,25.56,25.2,25.44,4516042
2023-10-17,2023,25.44,26.16,25.44,25.96,5741501
2023-10-18,2023,26.0,26.4,25.68,26.4,4355585
2023-10-19,2023,26.4,26.6,25.88,25.92,5284806
2023-10-22,2023,25.96,26.0,24.92,24.92,4519378
2023-10-23,2023,25.0,25.28,24.24,24.4,9308253
2023-10-24,2023,24.48,25.6,24.4,25.48,7668657
2023-10-25,2023,26.48,26.88,26.04,26.28,12232992
2023-10-26,2023,26.16,26.4,25.8,25.84,6204617
2023-10-29,2023,25.84,26.12,25.56,25.84,2606510
2023-10-30,2023,25.88,26.48,25.88,26.28,4965718
2023-10-31,2023,26.4,26.96,26.28,26.32,7366277
2023-11-01,2023,26.52,28.0,26.32,27.64,10174325
2023-11-02,2023,27.64,28.76,27.6,28.4,10555200
2023-11-05,2023,28.64,28.92,28.4,28.52,4970246
2023-11-06,2023,28.56,28.8,27.92,28.4,6499335
2023-11-07,2023,28.24,28.44,27.92,28.24,4776891
2023-11-08,2023,28.08,28.44,28.04,28.28,4979032
2023-11-09,2023,27.96,28.08,27.44,27.88,3769872
2023-11-12,2023,27.84,28.16,27.72,27.8,2122643
2023-11-13,2023,27.88,27.88,27.28,27.32,3741926
2023-11-14,2023,27.36,28.32,27.36,28.08,5027390
2023-11-15,2023,28.4,28.88,28.36,28.8,7459237
2023-11-16,2023,28.92,28.92,28.4,28.72,4625766
2023-11-19,2023,28.56,28.88,28.44,28.64,2190112
2023-11-20,2023,28.56,28.64,28.4,28.64,4291618
2023-11-21,2023,28.56,28.72,28.4,28.68,2076870
2023-11-22,2023,28.64,28.68,28.44,28.56,1878696
2023-11-23,2023,28.48,28.6,27.88,28.08,2790042
2023-11-26,2023,28.12,28.24,27.88,28.12,1567436
2023-11-27,2023,28.0,28.4,27.8,28.36,3323247
2023-11-28,2023,28.36,28.48,28.08,28.4,2045102
2023-11-29,2023,28.6,28.6,28.2,28.28,2684971
2023-11-30,2023,28.2,28.64,28.0,28.64,7036395
2023-12-03,2023,28.6,28.8,28.56,28.8,2042661
2023-12-04,2023,28.8,28.84,28.6,28.64,1799890
2023-12-05,2023,28.64,28.76,28.04,28.08,4017372
2023-12-06,2023,28.08,28.52,27.92,28.48,3818973
2023-12-07,2023,28.24,28.72,28.24,28.36,3120423
2023-12-10,2023,28.44,28.84,28.4,28.8,3749901
2023-12-11,2023,28.8,29.76,28.76,29.28,10137305
2023-12-12,2023,29.4,29.64,28.92,28.96,4098532
2023-12-13,2023,28.96,29.48,28.88,29.48,3192130
2023-12-14,2023,29.6,30.28,29.6,30.16,11534650
2023-12-17,2023,30.16,30.48,29.96,30.2,5264800
2023-12-18,2023,30.16,30.48,29.8,30.32,6603998
2023-12-19,2023,30.24,30.44,30.04,30.24,4758131
2023-12-20,2023,30.24,30.28,29.84,30.24,3408576
2023-12-21,2023,30.04,30.16,29.68,29.84,4182596
2023-12-24,2023,29.84,30.44,29.84,30.28,4713495
2023-12-25,2023,30.32,30.48,30.08,30.32,6547082
2023-12-26,2023,30.32,31.2,30.32,30.88,8867933
2023-12-27,2023,30.92,31.24,30.64,30.96,5408196
2023-12-28,2023,30.96,31.04,30.72,31.0,2775796
2023-12-31,2023,30.8,31.0,30.8,30.92,2099978
2024-01-01,2024,31.48,32.0,31.48,31.92,11748606
2024-01-02,2024,32.0,32.08,31.48,31.6,7199563
2024-01-03,2024,31.6,31.68,30.64,30.8,8236763
2024-01-04,2024,30.6,31.96,30.44,31.88,8749023
2024-01-07,2024,31.96,33.68,31.92,33.44,15546270
2024-01-08,2024,33.44,33.56,32.92,32.92,6968560
2024-01-09,2024,32.96,33.32,32.68,33.04,5037725
2024-01-10,2024,33.04,33.36,32.8,33.08,3829095
2024-01-11,2024,33.12,33.52,33.12,33.12,6096197
2024-01-14,2024,32.96,33.52,32.8,33.36,3824812
2024-01-15,2024,33.4,34.32,33.4,34.08,7198346
2024-01-16,2024,34.0,34.28,33.64,33.68,5357605
2024-01-17,2024,33.68,34.88,33.52,34.56,13366682
2024-01-18,2024,34.56,34.8,33.48,33.84,12203375
2024-01-21,2024,34.04,34.52,34.0,34.28,4235763
2024-01-22,2024,34.28,34.88,34.16,34.72,5925773
2024-01-23,2024,34.72,34.76,34.08,34.28,5394108
2024-01-24,2024,34.28,34.68,34.2,34.68,5406410
2024-01-25,2024,34.68,34.72,34.28,34.32,4161010
2024-01-28,2024,34.32,34.96,34.32,34.64,5668325
2024-01-29,2024,34.72,35.04,34.52,34.64,4180598
2024-01-30,2024,34.44,34.76,33.72,33.8,6178687
2024-01-31,2024,33.6,34.16,33.16,33.16,7137397
2024-02-01,2024,33.08,34.08,33.04,33.76,5861096
2024-02-04,2024,33.76,34.12,33.68,33.92,2122988
2024-02-05,2024,34.12,34.28,33.52,33.8,3936355
2024-02-06,2024,34.12,34.36,32.88,33.48,10646893
2024-02-07,2024,32.96,33.68,32.96,33.56,4279412
2024-02-08,2024,33.6,34.64,33.56,34.52,7457313
2024-02-11,2024,34.4,34.72,34.32,34.4,2701633
2024-02-12,2024,34.4,34.4,33.8,34.16,4255741
2024-02-13,2024,34.04,35.24,34.04,34.96,9245387
2024-02-14,2024,34.8,35.16,34.64,34.84,3775551
2024-02-15,2024,34.88,35.52,34.8,35.12,4143453
2024-02-18,2024,35.12,35.4,34.8,35.04,3411953
2024-02-19,2024,35.12,35.32,34.8,35.2,3088505
2024-02-20,2024,35.28,35.44,34.96,35.4,3568462
2024-02-21,2024,35.4,35.76,35.28,35.6,3945032
2024-02-25,2024,35.6,35.8,35.28,35.52,2835303
2024-02-26,2024,35.52,36.0,35.44,35.96,5165410
2024-02-27,2024,35.96,35.96,35.48,35.72,3760582
2024-02-28,2024,35.72,35.76,35.4,35.4,3235615
2024-02-29,2024,35.44,35.6,35.16,35.16,4341045
2024-03-03,2024,35.16,35.28,34.28,34.56,2858008
2024-03-04,2024,34.56,34.8,33.84,34.0,5473982
2024-03-05,2024,34.0,34.08,33.56,33.72,4843566
2024-03-06,2024,33.72,34.56,33.52,34.4,4601265
2024-03-07,2024,34.44,34.96,34.0,34.16,3727996
2024-03-10,2024,34.16,34.36,34.0,34.08,1284573
2024-03-11,2024,34.04,34.36,33.76,34.24,1866020
2024-03-12,2024,34.0,34.68,34.0,34.48,2672231
2024-03-13,2024,34.44,35.28,34.44,35.12,4536178
2024-03-14,2024,35.2,35.68,34.52,34.68,5570103
2024-03-17,2024,34.68,34.76,34.0,34.0,2118513
2024-03-18,2024,34.0,34.28,33.32,34.24,2919287
2024-03-19,2024,34.24,34.48,33.76,34.32,3410397
2024-03-20,2024,34.4,34.4,33.92,34.08,2449718
2024-03-21,2024,34.2,35.52,34.2,34.96,7451230
2024-03-24,2024,35.08,35.2,34.6,34.6,1310515
2024-03-25,2024,34.6,35.16,34.4,35.12,4094107
2024-03-26,2024,35.12,35.6,34.96,35.6,5783957
2024-03-27,2024,35.56,35.84,34.68,34.88,4542555
2024-03-28,2024,35.04,35.48,34.6,35.04,2521958
2024-03-31,2024,35.04,35.08,33.92,34.04,2495353
2024-04-01,2024,34.04,34.28,33.48,33.6,2446546
2024-04-02,2024,33.88,34.28,33.36,33.88,4645092
2024-04-03,2024,34.16,35.44,34.04,35.04,4201965
2024-04-04,2024,35.2,35.6,34.8,35.56,3354522
2024-04-14,2024,34.4,35.28,34.4,34.84,3637387
2024-04-15,2024,34.88,35.28,34.6,34.64,5316846
2024-04-16,2024,34.64,34.68,33.52,33.52,7323752
2024-04-17,2024,33.6,34.0,33.36,33.8,7127446
2024-04-18,2024,34.0,34.32,33.6,33.68,4957735
2024-04-21,2024,33.96,34.2,33.6,33.64,3929680
2024-04-22,2024,33.68,33.76,33.04,33.48,7076422
2024-04-23,2024,33.6,34.0,33.44,33.6,6677980
2024-04-24,2024,33.65,34.0,32.8,32.9,5704884
2024-04-25,2024,33.3,33.3,32.5,32.55,3607959
2024-04-28,2024,32.55,32.65,31.9,32.5,4130626
2024-04-29,2024,32.7,33.95,32.65,33.75,8801911
2024-04-30,2024,33.95,33.95,33.35,33.35,4111222
2024-05-01,2024,33.45,33.5,32.45,32.6,6586861
2024-05-02,2024,32.7,32.75,31.95,32.25,6180203
2024-05-05,2024,32.45,32.9,32.0,32.0,4952069
2024-05-06,2024,32.0,33.05,32.0,32.6,5713654
2024-05-07,2024,32.65,32.75,32.35,32.65,2768050
2024-05-08,2024,32.7,32.75,31.9,32.2,4479901
2024-05-09,2024,32.0,32.25,31.85,32.15,3789600
2024-05-12,2024,32.0,32.15,31.3,31.95,4364879
2024-05-13,2024,31.85,32.0,31.25,31.85,5545458
2024-05-14,2024,31.85,31.95,31.2,31.4,5165095
2024-05-15,2024,31.5,31.7,31.25,31.4,4416342
2024-05-16,2024,31.45,32.3,31.35,31.7,7680098
2024-05-19,2024,31.7,31.95,31.4,31.75,2937244
2024-05-20,2024,31.4,31.5,31.15,31.4,3098171
2024-05-21,2024,31.4,31.85,31.3,31.85,3435222
2024-05-22,2024,31.85,31.85,31.45,31.7,3320364
2024-05-23,2024,31.75,31.75,30.75,30.85,7704659
2024-05-26,2024,30.85,31.05,30.2,30.45,3450757
2024-05-27,2024,30.4,30.9,30.1,30.8,4176942
2024-05-28,2024,30.9,31.0,30.4,30.75,5114596
2024-05-29,2024,30.75,31.3,30.3,31.0,6297089
2024-05-30,2024,31.0,31.5,30.6,30.6,8157383
2024-06-02,2024,30.7,31.6,30.7,31.35,3810818
2024-06-03,2024,31.6,31.9,31.2,31.55,8438180
2024-06-04,2024,31.6,31.6,30.8,30.85,7823546
2024-06-05,2024,31.2,31.2,30.5,30.8,5052177
2024-06-06,2024,31.05,31.5,30.85,31.3,4524737
2024-06-09,2024,31.3,32.8,31.3,32.8,7413890
2024-06-10,2024,32.8,33.3,32.4,32.7,6139925
2024-06-11,2024,32.75,32.8,32.0,32.0,5238866
2024-06-12,2024,32.0,32.4,31.5,31.5,4563604
2024-06-13,2024,31.65,32.3,31.3,31.3,6773953
2024-06-23,2024,31.95,32.4,31.6,32.05,3710471
2024-06-24,2024,31.8,32.55,31.7,32.05,5540432
2024-06-25,2024,31.95,32.2,31.7,31.9,3119528
2024-06-26,2024,31.85,31.85,31.1,31.4,3978267
2024-06-27,2024,31.35,31.65,31.1,31.1,4352131
2024-06-30,2024,31.1,31.3,31.0,31.1,1782440
2024-07-01,2024,31.15,31.15,30.9,31.0,3553471
2024-07-02,2024,30.9,31.05,30.75,30.85,2104195
2024-07-03,2024,30.9,31.1,30.6,30.85,1880488
2024-07-04,2024,30.85,31.0,30.7,30.9,1953777
2024-07-07,2024,31.0,31.1,30.8,30.85,1546722
2024-07-08,2024,30.85,31.35,30.85,31.3,4059161
2024-07-09,2024,31.3,31.6,31.25,31.4,3745289
2024-07-10,2024,31.45,31.8,31.3,31.5,2484235
2024-07-11,2024,31.5,31.6,31.3,31.4,3794430
2024-07-14,2024,31.4,31.75,31.4,31.7,2531856
2024-07-15,2024,31.7,32.2,31.6,32.15,5008195
2024-07-16,2024,32.1,32.4,31.95,32.4,3924498
2024-07-17,2024,32.35,32.7,32.15,32.4,4059333
2024-07-18,2024,32.35,32.6,32.05,32.6,4795389
2024-07-21,2024,32.3,32.9,32.3,32.7,4069538
2024-07-22,2024,32.7,32.95,32.6,32.8,3916090
2024-07-23,2024,32.7,32.75,32.35,32.4,2805774
2024-07-24,2024,32.4,32.45,31.85,32.2,3561563
2024-07-25,2024,32.1,32.35,31.85,32.25,2442807
2024-07-28,2024,32.25,32.65,32.2,32.65,3365121
2024-07-29,2024,32.65,32.75,32.25,32.25,3918310
2024-07-30,2024,32.25,32.55,32.05,32.4,3041479
2024-07-31,2024,32.4,32.5,32.15,32.4,2573420
2024-08-01,2024,32.35,32.45,31.95,32.1,4138404
2024-08-04,2024,31.55,31.95,31.2,31.2,4660109
2024-08-05,2024,30.8,31.3,30.65,31.05,3381512
2024-08-06,2024,31.35,31.5,30.7,30.9,6070082
2024-08-07,2024,31.0,31.2,30.65,30.9,4578760
2024-08-08,2024,30.9,31.05,30.7,30.85,3419519
2024-08-11,2024,30.9,31.2,30.85,31.15,2076156
2024-08-12,2024,31.15,31.8,31.05,31.65,3922605
2024-08-13,2024,31.65,31.9,31.45,31.65,2835390
2024-08-14,2024,31.7,31.8,31.45,31.45,4181176
2024-08-15,2024,31.5,31.6,31.3,31.5,2752867
2024-08-18,2024,31.5,31.7,31.3,31.55,3742813
2024-08-19,2024,31.35,31.55,31.25,31.5,3925402
2024-08-20,2024,31.5,32.3,31.4,32.25,8480362
2024-08-21,2024,32.3,33.2,32.2,32.85,14075434
2024-08-22,2024,32.9,32.95,32.15,32.3,12360151
2024-08-25,2024,32.75,32.9,32.3,32.4,5440474
2024-08-26,2024,32.35,32.45,32.0,32.1,10413159
2024-08-27,2024,32.1,32.15,31.6,31.85,16505715
2024-08-28,2024,31.85,32.1,31.6,31.65,3868494
2024-08-29,2024,31.75,31.85,31.2,31.2,11111325
2024-09-01,2024,31.35,31.75,31.3,31.65,3808320
2024-09-02,2024,31.75,32.05,31.35,31.4,6281103
2024-09-03,2024,31.4,31.45,31.0,31.05,7202232
2024-09-04,2024,30.95,31.1,30.55,31.1,6914201
2024-09-05,2024,31.05,31.1,30.8,30.8,5486417
2024-09-08,2024,30.75,30.75,30.2,30.45,5941813
2024-09-09,2024,30.45,30.5,30.2,30.2,5740095
2024-09-10,2024,30.4,30.6,29.7,30.0,10818926
2024-09-11,2024,30.1,30.1,29.25,29.3,8516251
2024-09-12,2024,29.55,29.8,29.05,29.8,7660773
2024-09-15,2024,29.95,30.15,29.8,29.95,3928628
2024-09-16,2024,29.95,30.0,29.3,29.45,5885526
2024-09-17,2024,29.45,29.5,28.9,29.2,10195633
2024-09-18,2024,29.15,29.45,28.7,29.3,11488278
2024-09-19,2024,29.65,29.85,29.0,29.5,10158023
2024-09-22,2024,29.6,29.75,29.3,29.35,3650097
2024-09-24,2024,29.4,29.45,29.05,29.45,6234884
2024-09-25,2024,29.45,29.5,29.05,29.45,5841006
2024-09-26,2024,29.35,29.4,28.9,29.2,9754856
2024-09-29,2024,29.0,29.15,28.8,28.95,6045888
2024-09-30,2024,28.9,28.95,28.5,28.5,9629978
2024-10-01,2024,28.6,29.05,28.5,28.75,7115093
2024-10-02,2024,28.4,28.65,28.0,28.05,14569134
2024-10-03,2024,28.05,28.3,27.65,27.9,11055273
2024-10-06,2024,27.9,28.2,27.4,27.65,6681092
2024-10-07,2024,27.75,27.85,27.4,27.5,11240983
2024-10-08,2024,27.65,28.55,27.65,28.55,14766019
2024-10-09,2024,28.7,28.75,28.1,28.3,7379529
2024-10-10,2024,28.2,28.7,28.0,28.65,6894717
2024-10-13,2024,28.7,29.1,28.7,29.0,5156608
2024-10-14,2024,29.05,29.1,28.8,28.8,5323662
2024-10-15,2024,28.8,28.9,28.7,28.7,5088741
2024-10-16,2024,28.75,28.9,28.5,28.8,7525435
2024-10-17,2024,28.8,28.9,28.4,28.5,5602758
2024-10-20,2024,28.5,28.6,28.25,28.3,2982498
2024-10-21,2024,28.35,29.2,28.35,29.2,8933047
2024-10-22,2024,29.25,29.25,28.75,28.8,4113866
2024-10-23,2024,28.7,28.85,28.4,28.55,4954390
2024-10-24,2024,28.6,28.7,28.0,28.2,5567206
2024-10-27,2024,29.1,29.55,29.0,29.2,8192674
2024-10-28,2024,29.3,29.3,28.75,28.8,4191731
2024-10-29,2024,28.8,28.95,28.25,28.5,14148571
2024-10-30,2024,28.3,28.6,28.25,28.35,7127608
2024-10-31,2024,28.45,28.45,28.05,28.1,7369038
2024-11-03,2024,28.15,28.45,28.15,28.25,3963222
2024-11-04,2024,28.3,28.35,28.1,28.25,3502905
2024-11-05,2024,28.25,28.3,27.95,28.15,5398441
2024-11-06,2024,28.3,28.85,28.15,28.3,9944457
2024-11-07,2024,28.5,28.55,28.25,28.4,10317816
2024-11-10,2024,28.25,28.4,28.15,28.3,6616100
2024-11-11,2024,28.35,29.0,28.2,28.75,9073268
2024-11-12,2024,28.8,28.8,28.1,28.1,8486352
2024-11-13,2024,28.15,28.2,27.85,27.85,6458596
2024-11-14,2024,27.9,28.0,27.4,27.4,10799339
2024-11-17,2024,27.5,27.75,27.5,27.65,3274491
2024-11-18,2024,27.65,27.75,27.4,27.45,5592884
2024-11-19,2024,27.5,27.65,27.35,27.35,6017975
2024-11-20,2024,27.4,27.55,27.4,27.45,3486711
2024-11-21,2024,27.55,28.0,27.55,27.65,5868915
2024-11-24,2024,27.85,28.15,27.85,28.0,4388126
2024-11-25,2024,28.05,28.1,27.6,27.6,8782022
2024-11-26,2024,27.6,27.85,27.5,27.55,6764785
2024-11-27,2024,27.65,27.85,27.55,27.55,4495855
2024-11-28,2024,27.6,27.8,27.6,27.8,3506806
2024-12-01,2024,27.75,27.95,27.65,27.75,3334688
2024-12-02,2024,27.75,28.0,27.7,27.95,3139634
2024-12-03,2024,27.95,28.25,27.8,28.05,4864195
2024-12-04,2024,28.15,28.45,28.0,28.35,4453113
2024-12-05,2024,28.4,28.7,28.3,28.7,6109531
2024-12-08,2024,28.75,29.0,28.75,28.95,4670909
2024-12-09,2024,29.0,29.3,28.95,29.05,8195050
2024-12-10,2024,29.05,29.4,29.0,29.2,7785298
2024-12-11,2024,29.25,29.3,29.0,29.0,3909737
2024-12-12,2024,29.1,29.25,28.95,29.0,3578891
2024-12-15,2024,29.0,29.25,28.85,28.85,3502779
2024-12-16,2024,28.8,29.0,28.7,28.9,3426567
2024-12-17,2024,28.95,29.1,28.5,28.5,3855025
2024-12-18,2024,28.5,28.7,28.15,28.3,5996117
2024-12-19,2024,28.1,28.15,27.55,28.0,11203794
2024-12-22,2024,28.0,28.25,28.0,28.2,4547889
2024-12-23,2024,28.2,28.7,28.15,28.65,6121008
2024-12-24,2024,28.7,28.85,28.3,28.7,4466826
2024-12-25,2024,28.65,28.7,28.35,28.65,2630103
2024-12-26,2024,28.6,28.65,28.35,28.35,2971194
2024-12-29,2024,28.35,28.65,28.1,28.55,3262570
2024-12-30,2024,28.55,28.95,28.55,28.9,4631091
2024-12-31,2024,28.95,29.0,28.8,28.95,4424364
